time,A,B,P12,P23,current_lorry
0.25,0.0,0.0,2.5,0.0,12
0.333,0.0,0.0,2.5,2.5,12
0.417,0.0,2.5,5.0,2.5,12
0.5,0.0,2.5,5.0,5.0,12
0.583,0.0,2.5,5.0,5.0,12
0.667,0.0,2.5,7.5,7.5,12
0.75,2.5,5.0,7.5,7.5,12
0.833,2.5,5.0,7.5,7.5,12
0.917,2.5,7.5,7.5,7.5,12
1.0,5.0,7.5,10.0,7.5,12
1.083,7.5,7.5,10.0,10.0,12
1.167,7.5,7.5,10.0,10.0,12
1.25,7.5,7.5,12.5,10.0,12
1.333,10.0,10.0,12.5,12.5,12
1.417,10.0,10.0,12.5,12.5,12
1.5,10.0,12.5,15.0,12.5,12
1.583,12.5,12.5,15.0,15.0,12
1.667,12.5,12.5,15.0,15.0,12
1.75,12.5,15.0,17.5,15.0,12
1.833,15.0,15.0,17.5,15.0,12
1.917,15.0,15.0,17.5,15.0,12
2.0,15.0,15.0,20.0,15.0,12
2.083,17.5,15.0,20.0,17.5,12
2.167,17.5,17.5,20.0,17.5,12
2.25,17.5,17.5,22.5,17.5,12
2.333,17.5,17.5,22.5,22.5,12
2.417,17.5,20.0,22.5,22.5,12
2.5,17.5,20.0,25.0,22.5,12
2.583,17.5,22.5,25.0,25.0,12
2.667,17.5,25.0,25.0,25.0,12
2.75,20.0,25.0,25.0,25.0,12
2.833,20.0,25.0,27.5,25.0,12
2.917,22.5,25.0,27.5,25.0,12
3.0,22.5,25.0,30.0,27.5,12
3.083,25.0,25.0,30.0,27.5,12
3.167,25.0,27.5,30.0,27.5,12
3.25,25.0,27.5,32.5,27.5,12
3.333,27.5,30.0,32.5,27.5,12
3.417,27.5,30.0,32.5,30.0,12
3.5,27.5,30.0,35.0,30.0,12
3.583,30.0,30.0,35.0,32.5,12
3.667,30.0,32.5,35.0,32.5,12
3.75,30.0,35.0,37.5,32.5,12
3.833,30.0,35.0,37.5,35.0,12
3.917,32.5,35.0,37.5,35.0,12
4.0,32.5,37.5,40.0,35.0,12
4.083,32.5,37.5,40.0,37.5,12
4.167,32.5,37.5,40.0,37.5,12
4.25,32.5,40.0,42.5,37.5,12
4.333,35.0,40.0,42.5,40.0,12
4.417,35.0,40.0,42.5,42.5,12
4.5,35.0,42.5,45.0,42.5,12
4.583,35.0,42.5,45.0,42.5,12
4.667,37.5,45.0,45.0,42.5,12
4.75,37.5,45.0,45.0,45.0,12
4.833,37.5,47.5,45.0,45.0,12
4.917,37.5,47.5,47.5,47.5,12
5.0,37.5,50.0,47.5,50.0,12
5.083,37.5,50.0,47.5,50.0,12
5.167,37.5,50.0,50.0,50.0,12
5.25,40.0,52.5,50.0,52.5,12
5.333,40.0,55.0,50.0,52.5,12
5.417,40.0,55.0,50.0,52.5,12
5.5,42.5,55.0,50.0,55.0,12
5.583,42.5,57.5,52.5,55.0,12
5.667,42.5,57.5,52.5,55.0,12
5.75,45.0,60.0,52.5,57.5,12
5.833,45.0,62.5,55.0,57.5,12
5.917,45.0,62.5,55.0,57.5,12
6.0,47.5,62.5,55.0,57.5,12
6.083,47.5,62.5,55.0,60.0,12
6.167,50.0,62.5,57.5,60.0,12
6.25,50.0,65.0,57.5,62.5,12
6.333,50.0,65.0,57.5,62.5,12
6.417,50.0,67.5,57.5,62.5,12
6.5,50.0,67.5,60.0,65.0,12
6.583,52.5,70.0,60.0,65.0,12
6.667,52.5,70.0,62.5,65.0,12
6.75,55.0,70.0,62.5,65.0,12
6.833,57.5,70.0,62.5,65.0,12
6.917,57.5,70.0,62.5,65.0,12
7.0,57.5,70.0,65.0,65.0,12
7.083,60.0,70.0,65.0,67.5,12
7.167,60.0,72.5,67.5,67.5,12
7.25,60.0,72.5,67.5,70.0,12
7.333,62.5,72.5,67.5,70.0,12
7.417,62.5,75.0,70.0,70.0,12
7.5,62.5,75.0,70.0,72.5,12
7.583,65.0,75.0,70.0,72.5,12
7.667,65.0,77.5,72.5,72.5,12
7.75,65.0,77.5,72.5,72.5,12
7.833,65.0,77.5,72.5,75.0,12
7.917,65.0,80.0,75.0,75.0,12
8.0,65.0,80.0,75.0,77.5,12
8.083,67.5,82.5,75.0,80.0,12
8.167,67.5,85.0,77.5,80.0,12
8.25,67.5,85.0,77.5,80.0,12
8.333,67.5,87.5,77.5,82.5,12
8.417,67.5,87.5,77.5,82.5,12
8.5,67.5,87.5,80.0,82.5,12
8.583,70.0,87.5,80.0,85.0,12
8.667,70.0,90.0,80.0,87.5,12
8.75,70.0,92.5,82.5,87.5,12
8.833,70.0,92.5,82.5,87.5,12
8.917,72.5,95.0,82.5,90.0,12
9.0,72.5,95.0,82.5,90.0,12
9.083,72.5,97.5,85.0,90.0,12
9.167,72.5,97.5,85.0,92.5,11
9.25,72.5,100.0,85.0,92.5,11
9.333,72.5,100.0,85.0,92.5,11
9.417,72.5,100.0,87.5,95.0,11
9.5,72.5,102.5,87.5,95.0,11
9.583,75.0,102.5,87.5,95.0,11
9.667,77.5,102.5,87.5,95.0,11
9.75,77.5,102.5,90.0,95.0,11
9.833,80.0,102.5,90.0,97.5,11
9.917,80.0,105.0,90.0,97.5,11
10.0,80.0,105.0,92.5,97.5,11
10.083,82.5,105.0,92.5,100.0,11
10.167,82.5,107.5,92.5,100.0,11
10.25,82.5,107.5,95.0,100.0,11
10.333,85.0,107.5,95.0,102.5,11
10.417,85.0,110.0,95.0,102.5,11
10.5,85.0,110.0,97.5,102.5,11
10.583,85.0,110.0,97.5,105.0,11
10.667,85.0,112.5,97.5,105.0,11
10.75,85.0,112.5,100.0,105.0,11
10.833,87.5,112.5,100.0,107.5,11
10.917,90.0,115.0,100.0,107.5,11
11.0,90.0,115.0,100.0,107.5,11
11.083,90.0,115.0,102.5,107.5,11
11.167,92.5,117.5,102.5,107.5,11
11.25,92.5,117.5,102.5,107.5,11
11.333,92.5,117.5,105.0,110.0,11
11.417,95.0,117.5,105.0,112.5,11
11.5,95.0,117.5,107.5,112.5,11
11.583,95.0,120.0,107.5,112.5,11
11.667,95.0,122.5,107.5,115.0,12
11.75,95.0,125.0,107.5,115.0,12
11.833,95.0,125.0,107.5,115.0,12
11.917,95.0,125.0,110.0,117.5,12
12.0,95.0,125.0,110.0,117.5,12
12.083,95.0,127.5,110.0,120.0,12
12.167,97.5,130.0,110.0,120.0,12
12.25,97.5,130.0,112.5,120.0,12
12.333,100.0,130.0,112.5,120.0,12
12.417,102.5,130.0,112.5,122.5,12
12.5,102.5,132.5,115.0,122.5,12
12.583,102.5,132.5,115.0,125.0,12
12.667,102.5,135.0,115.0,127.5,12
12.75,102.5,137.5,115.0,127.5,12
12.833,102.5,137.5,115.0,127.5,12
12.917,105.0,137.5,115.0,130.0,12
13.0,105.0,140.0,117.5,130.0,12
13.083,107.5,140.0,117.5,130.0,12
13.167,107.5,142.5,117.5,130.0,12
13.25,107.5,142.5,117.5,130.0,12
13.333,110.0,142.5,120.0,132.5,12
13.417,112.5,142.5,120.0,132.5,12
13.5,112.5,145.0,122.5,132.5,12
13.583,112.5,145.0,122.5,132.5,12
13.667,112.5,145.0,122.5,135.0,12
13.75,112.5,147.5,122.5,135.0,11
13.833,115.0,147.5,125.0,135.0,11
13.917,115.0,147.5,125.0,135.0,10
14.0,117.5,147.5,125.0,135.0,10
14.083,117.5,147.5,127.5,135.0,10
14.167,120.0,147.5,127.5,135.0,10
14.25,120.0,147.5,130.0,135.0,10
14.333,122.5,147.5,130.0,137.5,10
14.417,122.5,147.5,132.5,137.5,10
14.5,122.5,150.0,132.5,137.5,10
14.583,122.5,150.0,132.5,140.0,10
14.667,122.5,150.0,132.5,140.0,10
14.75,122.5,150.0,135.0,140.0,10
14.833,125.0,152.5,135.0,142.5,10
14.917,125.0,155.0,135.0,142.5,10
15.0,125.0,155.0,135.0,142.5,10
15.083,127.5,155.0,135.0,142.5,10
15.167,127.5,155.0,137.5,142.5,10
15.25,130.0,155.0,137.5,142.5,10
15.333,130.0,155.0,140.0,145.0,10
15.417,130.0,157.5,140.0,145.0,10
15.5,130.0,157.5,140.0,147.5,10
15.583,130.0,160.0,140.0,147.5,10
15.667,132.5,160.0,142.5,147.5,10
15.75,132.5,160.0,142.5,147.5,10
15.833,132.5,160.0,142.5,147.5,10
15.917,132.5,160.0,145.0,150.0,10
16.0,132.5,162.5,145.0,150.0,10
16.083,135.0,162.5,145.0,152.5,10
16.167,135.0,165.0,145.0,152.5,10
16.25,135.0,167.5,147.5,152.5,10
16.333,135.0,167.5,147.5,155.0,10
16.417,137.5,167.5,147.5,155.0,10
16.5,137.5,167.5,150.0,155.0,10
16.583,137.5,170.0,150.0,155.0,10
16.667,137.5,170.0,150.0,157.5,10
16.75,137.5,170.0,150.0,157.5,10
16.833,137.5,172.5,152.5,160.0,10
16.917,137.5,172.5,152.5,160.0,10
17.0,137.5,175.0,152.5,160.0,10
17.083,140.0,175.0,155.0,160.0,10
17.167,140.0,175.0,155.0,162.5,10
17.25,140.0,177.5,155.0,162.5,10
17.333,140.0,177.5,157.5,162.5,10
17.417,140.0,177.5,157.5,165.0,10
17.5,140.0,177.5,157.5,165.0,10
17.583,140.0,180.0,160.0,167.5,10
17.667,142.5,180.0,160.0,167.5,10
17.75,142.5,182.5,160.0,167.5,10
17.833,142.5,182.5,162.5,167.5,10
17.917,145.0,182.5,162.5,170.0,10
18.0,145.0,182.5,162.5,170.0,10
18.083,145.0,185.0,165.0,170.0,10
18.167,145.0,185.0,165.0,172.5,10
18.25,145.0,185.0,165.0,172.5,9
18.333,145.0,187.5,165.0,172.5,9
18.417,145.0,187.5,167.5,175.0,9
18.5,145.0,190.0,167.5,175.0,9
18.583,145.0,190.0,167.5,175.0,9
18.667,145.0,190.0,167.5,177.5,9
18.75,145.0,190.0,170.0,177.5,9
18.833,145.0,192.5,170.0,180.0,8
18.917,147.5,192.5,170.0,180.0,8
19.0,147.5,195.0,170.0,180.0,8
19.083,147.5,195.0,172.5,180.0,8
19.167,150.0,195.0,172.5,180.0,8
19.25,150.0,197.5,172.5,182.5,8
19.333,150.0,197.5,172.5,182.5,8
19.417,150.0,197.5,172.5,182.5,8
19.5,150.0,200.0,172.5,185.0,8
19.583,150.0,200.0,172.5,185.0,8
19.667,150.0,200.0,172.5,185.0,8
19.75,150.0,202.5,175.0,187.5,8
19.833,152.5,202.5,175.0,187.5,8
19.917,152.5,205.0,175.0,187.5,8
20.0,152.5,205.0,175.0,187.5,8
20.083,155.0,205.0,175.0,187.5,8
20.167,155.0,205.0,175.0,187.5,8
20.25,155.0,205.0,177.5,187.5,8
20.333,157.5,205.0,177.5,187.5,8
20.417,157.5,205.0,177.5,190.0,8
20.5,157.5,205.0,180.0,190.0,8
20.583,160.0,207.5,180.0,190.0,8
20.667,160.0,207.5,180.0,192.5,8
20.75,160.0,207.5,180.0,192.5,8
20.833,160.0,210.0,180.0,192.5,8
20.917,160.0,210.0,180.0,195.0,8
21.0,160.0,212.5,180.0,195.0,8
21.083,160.0,212.5,182.5,195.0,8
21.167,162.5,212.5,182.5,195.0,8
21.25,162.5,212.5,182.5,197.5,7
21.333,162.5,212.5,182.5,197.5,7
21.417,162.5,215.0,182.5,197.5,7
21.5,165.0,215.0,182.5,197.5,7
21.583,165.0,215.0,182.5,197.5,6
21.667,165.0,215.0,182.5,197.5,6
21.75,167.5,215.0,185.0,197.5,6
21.833,167.5,215.0,185.0,197.5,6
21.917,167.5,215.0,185.0,197.5,6
22.0,167.5,215.0,185.0,197.5,6
22.083,170.0,215.0,187.5,197.5,6
22.167,170.0,215.0,187.5,200.0,6
22.25,170.0,215.0,187.5,200.0,6
22.333,170.0,215.0,187.5,200.0,5
22.417,170.0,215.0,187.5,200.0,4
22.5,170.0,215.0,187.5,200.0,4
22.583,170.0,217.5,187.5,200.0,4
22.667,172.5,217.5,187.5,200.0,4
22.75,172.5,217.5,187.5,200.0,4
22.833,172.5,217.5,190.0,200.0,4
22.917,175.0,217.5,190.0,200.0,4
23.0,175.0,217.5,190.0,200.0,3
23.083,175.0,217.5,190.0,200.0,3
23.167,175.0,217.5,190.0,200.0,3
23.25,175.0,217.5,190.0,200.0,3
23.333,175.0,217.5,190.0,200.0,3
23.417,177.5,217.5,190.0,200.0,3
23.5,177.5,217.5,190.0,200.0,2
23.583,177.5,217.5,190.0,200.0,2
23.667,177.5,217.5,190.0,200.0,2
23.75,177.5,217.5,190.0,200.0,2
23.833,177.5,217.5,190.0,200.0,2
23.917,177.5,217.5,190.0,200.0,2
24.0,180.0,217.5,190.0,200.0,2
24.083,180.0,217.5,190.0,200.0,0
24.167,180.0,217.5,190.0,200.0,0
24.25,180.0,217.5,190.0,200.0,0
24.333,180.0,217.5,190.0,200.0,0
24.417,180.0,217.5,190.0,200.0,0
24.5,180.0,217.5,190.0,200.0,0
24.583,180.0,217.5,190.0,200.0,0
24.667,180.0,217.5,190.0,200.0,1
24.75,180.0,217.5,190.0,200.0,1
24.833,180.0,217.5,190.0,200.0,1
24.917,180.0,217.5,190.0,200.0,1
25.0,180.0,217.5,190.0,200.0,1
25.083,180.0,217.5,190.0,200.0,1
25.167,182.5,217.5,190.0,200.0,1
25.25,182.5,217.5,190.0,200.0,1
25.333,182.5,217.5,190.0,200.0,1
25.417,182.5,217.5,190.0,200.0,1
25.5,182.5,217.5,190.0,200.0,1
25.583,182.5,217.5,190.0,200.0,1
25.667,182.5,217.5,190.0,200.0,1
25.75,182.5,217.5,190.0,200.0,1
25.833,182.5,217.5,190.0,200.0,1
25.917,182.5,217.5,190.0,200.0,1
26.0,182.5,217.5,190.0,200.0,1
26.083,182.5,217.5,190.0,200.0,1
26.167,182.5,217.5,190.0,200.0,1
26.25,185.0,217.5,190.0,200.0,1
26.333,185.0,217.5,190.0,200.0,1
26.417,185.0,217.5,190.0,200.0,1
26.5,185.0,217.5,190.0,200.0,1
26.583,185.0,217.5,190.0,200.0,1
26.667,185.0,217.5,190.0,200.0,1
26.75,185.0,217.5,190.0,200.0,1
26.833,185.0,217.5,190.0,200.0,1
26.917,185.0,217.5,190.0,200.0,1
27.0,185.0,217.5,190.0,200.0,1
27.083,185.0,217.5,190.0,200.0,1
27.167,187.5,217.5,190.0,200.0,1
27.25,187.5,217.5,190.0,200.0,1
27.333,187.5,217.5,190.0,200.0,1
27.417,187.5,217.5,190.0,200.0,1
27.5,187.5,217.5,190.0,200.0,1
27.583,187.5,217.5,190.0,200.0,1
27.667,187.5,217.5,190.0,200.0,1
27.75,187.5,217.5,190.0,200.0,1
27.833,187.5,217.5,190.0,200.0,1
27.917,187.5,217.5,190.0,200.0,1
28.0,187.5,217.5,190.0,200.0,2
28.083,187.5,217.5,190.0,200.0,2
28.167,187.5,217.5,190.0,200.0,2
28.25,190.0,217.5,190.0,200.0,2
28.333,190.0,217.5,190.0,200.0,2
28.417,190.0,217.5,190.0,200.0,3
28.5,190.0,217.5,190.0,200.0,3
28.583,190.0,217.5,190.0,200.0,3
28.667,190.0,217.5,190.0,200.0,3
28.75,190.0,217.5,190.0,200.0,3
28.833,192.5,217.5,190.0,200.0,3
28.917,192.5,217.5,190.0,200.0,3
29.0,192.5,217.5,192.5,200.0,3
29.083,192.5,217.5,192.5,200.0,3
29.167,195.0,217.5,192.5,200.0,3
29.25,195.0,217.5,192.5,200.0,3
29.333,195.0,217.5,192.5,202.5,3
29.417,195.0,217.5,192.5,202.5,3
29.5,195.0,217.5,192.5,202.5,3
29.583,195.0,217.5,192.5,202.5,3
29.667,195.0,217.5,192.5,202.5,3
29.75,195.0,217.5,192.5,202.5,3
29.833,195.0,220.0,192.5,202.5,3
29.917,195.0,220.0,192.5,202.5,3
30.0,195.0,220.0,192.5,202.5,3
30.083,195.0,220.0,192.5,202.5,3
30.167,195.0,220.0,192.5,202.5,3
30.25,195.0,220.0,192.5,202.5,3
30.333,195.0,220.0,192.5,205.0,3
30.417,195.0,220.0,192.5,205.0,3
30.5,195.0,220.0,192.5,205.0,3
30.583,197.5,220.0,192.5,205.0,3
30.667,197.5,220.0,192.5,205.0,3
30.75,197.5,222.5,192.5,205.0,3
30.833,197.5,222.5,192.5,205.0,3
30.917,197.5,222.5,192.5,205.0,3
31.0,197.5,222.5,192.5,205.0,3
31.083,197.5,222.5,192.5,205.0,3
31.167,197.5,222.5,192.5,205.0,3
31.25,197.5,222.5,192.5,205.0,3
31.333,197.5,222.5,192.5,205.0,3
31.417,197.5,222.5,192.5,205.0,3
31.5,200.0,222.5,192.5,205.0,3
31.583,200.0,222.5,195.0,205.0,3
31.667,200.0,222.5,195.0,205.0,3
31.75,200.0,222.5,195.0,205.0,3
31.833,200.0,222.5,195.0,205.0,4
31.917,200.0,222.5,195.0,207.5,4
32.0,200.0,222.5,195.0,207.5,4
32.083,200.0,222.5,195.0,207.5,3
32.167,200.0,222.5,195.0,207.5,3
32.25,200.0,222.5,195.0,207.5,3
32.333,200.0,225.0,195.0,210.0,3
32.417,200.0,225.0,195.0,210.0,3
32.5,200.0,225.0,195.0,210.0,3
32.583,200.0,225.0,195.0,210.0,3
32.667,200.0,225.0,195.0,210.0,3
32.75,200.0,225.0,195.0,210.0,3
32.833,200.0,225.0,195.0,210.0,4
32.917,200.0,225.0,195.0,210.0,4
33.0,200.0,227.5,197.5,210.0,4
33.083,202.5,227.5,197.5,210.0,4
33.167,202.5,227.5,197.5,210.0,4
33.25,202.5,227.5,197.5,210.0,4
33.333,202.5,227.5,197.5,210.0,4
33.417,202.5,227.5,197.5,210.0,4
33.5,202.5,227.5,197.5,210.0,4
33.583,205.0,227.5,197.5,210.0,4
33.667,205.0,227.5,197.5,210.0,4
33.75,205.0,227.5,200.0,210.0,4
33.833,205.0,227.5,200.0,210.0,4
33.917,207.5,227.5,200.0,210.0,4
34.0,207.5,227.5,200.0,210.0,4
34.083,210.0,227.5,200.0,210.0,4
34.167,210.0,227.5,200.0,210.0,4
34.25,210.0,227.5,202.5,210.0,4
34.333,210.0,227.5,202.5,210.0,3
34.417,210.0,227.5,202.5,212.5,3
34.5,210.0,227.5,202.5,212.5,3
34.583,210.0,227.5,202.5,212.5,3
34.667,210.0,227.5,202.5,212.5,3
34.75,210.0,230.0,202.5,212.5,3
34.833,210.0,230.0,202.5,212.5,3
34.917,210.0,230.0,202.5,212.5,3
35.0,210.0,230.0,202.5,212.5,3
35.083,210.0,230.0,202.5,212.5,3
35.167,210.0,230.0,202.5,212.5,3
35.25,210.0,230.0,202.5,212.5,3
35.333,210.0,230.0,202.5,215.0,3
35.417,210.0,230.0,202.5,215.0,3
35.5,210.0,230.0,202.5,215.0,3
35.583,210.0,230.0,205.0,215.0,3
35.667,210.0,232.5,205.0,215.0,3
35.75,210.0,232.5,205.0,215.0,3
35.833,210.0,232.5,205.0,215.0,3
35.917,210.0,232.5,205.0,215.0,3
36.0,210.0,232.5,205.0,215.0,3
36.083,210.0,232.5,205.0,215.0,3
36.167,210.0,232.5,205.0,215.0,3
36.25,210.0,232.5,205.0,215.0,3
36.333,210.0,232.5,205.0,215.0,3
36.417,210.0,232.5,205.0,217.5,3
36.5,212.5,232.5,205.0,217.5,3
36.583,212.5,232.5,205.0,217.5,3
36.667,212.5,232.5,205.0,217.5,3
36.75,212.5,235.0,205.0,217.5,3
36.833,212.5,235.0,205.0,217.5,3
36.917,212.5,235.0,205.0,217.5,3
37.0,212.5,235.0,205.0,217.5,3
37.083,212.5,235.0,205.0,217.5,3
37.167,212.5,235.0,205.0,217.5,3
37.25,212.5,235.0,205.0,217.5,3
37.333,212.5,235.0,205.0,217.5,3
37.417,212.5,235.0,205.0,217.5,3
37.5,212.5,237.5,205.0,217.5,3
37.583,212.5,237.5,205.0,217.5,3
37.667,215.0,237.5,205.0,217.5,3
37.75,215.0,237.5,207.5,217.5,3
37.833,215.0,237.5,207.5,217.5,3
37.917,215.0,237.5,207.5,217.5,3
38.0,215.0,237.5,207.5,217.5,3
38.083,215.0,237.5,207.5,217.5,3
38.167,217.5,237.5,207.5,217.5,3
38.25,217.5,237.5,207.5,217.5,3
38.333,217.5,237.5,207.5,217.5,3
38.417,220.0,237.5,207.5,217.5,3
38.5,220.0,237.5,207.5,217.5,3
38.583,220.0,237.5,210.0,217.5,3
38.667,220.0,237.5,210.0,217.5,3
38.75,220.0,237.5,210.0,217.5,3
38.833,220.0,237.5,210.0,217.5,3
38.917,222.5,237.5,210.0,220.0,3
39.0,222.5,237.5,210.0,220.0,3
39.083,222.5,237.5,210.0,220.0,3
39.167,222.5,237.5,210.0,220.0,3
39.25,222.5,237.5,210.0,220.0,3
39.333,222.5,237.5,210.0,220.0,3
39.417,222.5,237.5,210.0,220.0,3
39.5,222.5,237.5,210.0,220.0,3
39.583,222.5,237.5,210.0,220.0,3
39.667,222.5,237.5,210.0,220.0,3
39.75,222.5,237.5,210.0,220.0,3
39.833,222.5,237.5,210.0,220.0,3
39.917,222.5,240.0,210.0,220.0,3
40.0,222.5,240.0,210.0,220.0,3
40.083,225.0,240.0,210.0,220.0,3
40.167,225.0,240.0,210.0,220.0,3
40.25,225.0,240.0,210.0,220.0,3
40.333,225.0,240.0,210.0,220.0,3
40.417,225.0,240.0,210.0,220.0,3
40.5,227.5,240.0,212.5,220.0,3
40.583,227.5,240.0,212.5,220.0,3
40.667,227.5,240.0,212.5,220.0,3
40.75,227.5,240.0,212.5,220.0,3
40.833,227.5,240.0,215.0,220.0,3
40.917,230.0,240.0,215.0,220.0,3
41.0,230.0,240.0,215.0,220.0,3
41.083,230.0,240.0,215.0,220.0,3
41.167,230.0,240.0,215.0,220.0,3
41.25,232.5,240.0,215.0,220.0,3
41.333,232.5,240.0,215.0,220.0,3
41.417,232.5,240.0,215.0,220.0,3
41.5,232.5,240.0,215.0,220.0,3
41.583,232.5,240.0,217.5,220.0,3
41.667,232.5,240.0,217.5,220.0,3
41.75,232.5,240.0,217.5,222.5,3
41.833,232.5,240.0,217.5,222.5,3
41.917,232.5,240.0,217.5,222.5,3
42.0,232.5,240.0,217.5,222.5,3
42.083,232.5,240.0,217.5,222.5,3
42.167,232.5,240.0,217.5,222.5,3
42.25,232.5,240.0,217.5,222.5,3
42.333,232.5,240.0,217.5,222.5,3
42.417,232.5,240.0,217.5,222.5,3
42.5,232.5,240.0,217.5,222.5,3
42.583,232.5,242.5,217.5,222.5,3
42.667,232.5,242.5,217.5,225.0,3
42.75,232.5,242.5,220.0,225.0,3
42.833,232.5,242.5,220.0,225.0,3
42.917,232.5,242.5,220.0,225.0,3
43.0,232.5,242.5,220.0,225.0,3
43.083,232.5,242.5,220.0,225.0,3
43.167,232.5,242.5,220.0,225.0,3
43.25,232.5,242.5,220.0,225.0,3
43.333,232.5,242.5,220.0,225.0,3
43.417,232.5,242.5,220.0,225.0,3
43.5,232.5,242.5,220.0,227.5,3
43.583,232.5,242.5,220.0,227.5,3
43.667,232.5,245.0,220.0,227.5,3
43.75,232.5,245.0,220.0,227.5,3
43.833,232.5,245.0,220.0,227.5,3
43.917,232.5,245.0,220.0,227.5,3
44.0,232.5,245.0,220.0,227.5,3
44.083,232.5,245.0,220.0,227.5,3
44.167,232.5,245.0,220.0,227.5,3
44.25,232.5,245.0,220.0,227.5,3
44.333,232.5,245.0,220.0,230.0,3
44.417,232.5,245.0,220.0,230.0,3
44.5,232.5,245.0,220.0,230.0,3
44.583,232.5,247.5,220.0,230.0,3
44.667,232.5,247.5,220.0,230.0,3
44.75,232.5,247.5,220.0,230.0,3
44.833,232.5,247.5,220.0,230.0,3
44.917,232.5,247.5,220.0,230.0,3
45.0,232.5,247.5,220.0,230.0,3
45.083,232.5,247.5,220.0,230.0,3
45.167,232.5,250.0,220.0,232.5,3
45.25,232.5,250.0,220.0,232.5,3
45.333,232.5,250.0,220.0,232.5,3
45.417,232.5,250.0,220.0,232.5,3
45.5,232.5,250.0,220.0,232.5,3
45.583,232.5,250.0,220.0,232.5,3
45.667,232.5,250.0,220.0,232.5,3
45.75,232.5,250.0,220.0,232.5,3
45.833,232.5,250.0,220.0,232.5,3
45.917,232.5,250.0,220.0,232.5,3
46.0,235.0,250.0,220.0,232.5,3
46.083,235.0,250.0,220.0,232.5,3
46.167,235.0,250.0,220.0,232.5,3
46.25,235.0,252.5,220.0,232.5,3
46.333,235.0,252.5,220.0,232.5,3
46.417,235.0,252.5,220.0,232.5,3
46.5,235.0,252.5,220.0,232.5,3
46.583,235.0,252.5,220.0,232.5,3
46.667,237.5,252.5,220.0,232.5,3
46.75,237.5,252.5,222.5,232.5,3
46.833,237.5,252.5,222.5,232.5,3
46.917,237.5,252.5,222.5,232.5,3
47.0,237.5,252.5,222.5,232.5,3
47.083,237.5,252.5,222.5,232.5,3
47.167,240.0,252.5,222.5,232.5,3
47.25,240.0,252.5,222.5,232.5,3
47.333,240.0,252.5,222.5,232.5,3
47.417,240.0,252.5,222.5,232.5,3
47.5,242.5,252.5,225.0,232.5,3
47.583,242.5,252.5,225.0,232.5,3
47.667,242.5,252.5,225.0,232.5,3
47.75,242.5,252.5,225.0,232.5,3
47.833,242.5,252.5,225.0,232.5,3
47.917,242.5,252.5,227.5,232.5,3
48.0,245.0,252.5,227.5,232.5,3
48.083,245.0,252.5,227.5,232.5,0
48.167,245.0,252.5,227.5,232.5,0
48.25,245.0,252.5,227.5,232.5,1
48.333,245.0,252.5,227.5,232.5,1
48.417,245.0,252.5,227.5,232.5,1
48.5,245.0,252.5,227.5,232.5,1
48.583,245.0,252.5,227.5,232.5,1
48.667,245.0,252.5,227.5,232.5,1
48.75,245.0,252.5,227.5,232.5,1
48.833,245.0,252.5,227.5,232.5,1
48.917,245.0,252.5,227.5,232.5,1
49.0,245.0,252.5,227.5,232.5,1
49.083,245.0,252.5,227.5,232.5,1
49.167,245.0,252.5,227.5,232.5,1
49.25,245.0,252.5,227.5,232.5,1
49.333,245.0,252.5,227.5,235.0,1
49.417,245.0,252.5,227.5,235.0,1
49.5,245.0,252.5,227.5,235.0,1
49.583,245.0,252.5,227.5,235.0,1
49.667,245.0,252.5,227.5,235.0,1
49.75,245.0,252.5,227.5,235.0,1
49.833,245.0,252.5,227.5,235.0,1
49.917,245.0,252.5,227.5,235.0,1
50.0,245.0,252.5,227.5,235.0,1
50.083,245.0,252.5,227.5,235.0,1
50.167,245.0,252.5,227.5,235.0,1
50.25,245.0,252.5,227.5,235.0,1
50.333,245.0,252.5,227.5,235.0,1
50.417,245.0,255.0,227.5,235.0,1
50.5,245.0,255.0,227.5,235.0,1
50.583,245.0,255.0,227.5,235.0,1
50.667,245.0,255.0,227.5,235.0,1
50.75,245.0,255.0,227.5,235.0,1
50.833,245.0,255.0,227.5,235.0,1
50.917,245.0,255.0,227.5,235.0,1
51.0,245.0,255.0,227.5,235.0,2
51.083,245.0,255.0,230.0,235.0,2
51.167,245.0,255.0,230.0,235.0,2
51.25,245.0,255.0,230.0,235.0,2
51.333,245.0,255.0,230.0,235.0,2
51.417,245.0,255.0,230.0,235.0,2
51.5,245.0,255.0,230.0,235.0,2
51.583,245.0,255.0,230.0,235.0,2
51.667,245.0,255.0,230.0,235.0,2
51.75,245.0,255.0,230.0,235.0,2
51.833,245.0,255.0,230.0,235.0,2
51.917,245.0,255.0,230.0,235.0,2
52.0,245.0,255.0,230.0,237.5,2
52.083,245.0,255.0,230.0,237.5,2
52.167,245.0,255.0,230.0,237.5,2
52.25,245.0,255.0,230.0,237.5,2
52.333,245.0,257.5,230.0,237.5,2
52.417,245.0,257.5,230.0,237.5,2
52.5,245.0,257.5,230.0,237.5,3
52.583,245.0,257.5,230.0,237.5,3
52.667,245.0,257.5,230.0,237.5,3
52.75,245.0,257.5,230.0,237.5,3
52.833,245.0,257.5,230.0,237.5,3
52.917,245.0,257.5,230.0,237.5,3
53.0,245.0,257.5,230.0,237.5,3
53.083,245.0,257.5,230.0,237.5,3
53.167,247.5,257.5,230.0,240.0,3
53.25,247.5,257.5,232.5,240.0,3
53.333,247.5,257.5,232.5,240.0,3
53.417,247.5,257.5,232.5,240.0,3
53.5,247.5,260.0,232.5,240.0,3
53.583,247.5,260.0,232.5,240.0,3
53.667,247.5,260.0,232.5,240.0,3
53.75,247.5,260.0,232.5,240.0,3
53.833,247.5,260.0,232.5,240.0,3
53.917,247.5,260.0,232.5,240.0,3
54.0,247.5,260.0,232.5,240.0,3
54.083,247.5,260.0,232.5,240.0,3
54.167,247.5,260.0,232.5,240.0,3
54.25,247.5,260.0,232.5,240.0,3
54.333,247.5,260.0,232.5,240.0,3
54.417,247.5,260.0,232.5,240.0,3
54.5,250.0,260.0,232.5,240.0,3
54.583,250.0,260.0,232.5,240.0,3
54.667,250.0,260.0,232.5,240.0,3
54.75,250.0,260.0,232.5,240.0,3
54.833,250.0,260.0,232.5,240.0,3
54.917,250.0,260.0,235.0,240.0,3
55.0,250.0,260.0,235.0,242.5,3
55.083,250.0,260.0,235.0,242.5,3
55.167,250.0,260.0,235.0,242.5,3
55.25,250.0,260.0,235.0,242.5,3
55.333,250.0,260.0,235.0,242.5,3
55.417,250.0,262.5,235.0,242.5,3
55.5,250.0,262.5,235.0,242.5,3
55.583,250.0,262.5,235.0,242.5,3
55.667,250.0,262.5,235.0,242.5,3
55.75,250.0,262.5,235.0,245.0,3
55.833,250.0,262.5,235.0,245.0,3
55.917,250.0,265.0,235.0,245.0,3
56.0,250.0,265.0,237.5,245.0,3
56.083,250.0,265.0,237.5,245.0,3
56.167,250.0,265.0,237.5,245.0,3
56.25,250.0,265.0,237.5,245.0,3
56.333,250.0,265.0,237.5,245.0,3
56.417,250.0,265.0,237.5,245.0,3
56.5,250.0,265.0,237.5,245.0,3
56.583,250.0,265.0,237.5,245.0,3
56.667,250.0,265.0,237.5,245.0,3
56.75,250.0,265.0,237.5,245.0,3
56.833,250.0,265.0,237.5,245.0,3
56.917,250.0,265.0,237.5,245.0,3
57.0,252.5,265.0,237.5,245.0,3
57.083,252.5,265.0,237.5,245.0,3
57.167,252.5,267.5,237.5,245.0,3
57.25,252.5,267.5,237.5,245.0,3
57.333,252.5,267.5,237.5,245.0,2
57.417,255.0,267.5,237.5,245.0,2
57.5,255.0,267.5,237.5,245.0,2
57.583,255.0,267.5,237.5,245.0,2
57.667,255.0,267.5,237.5,245.0,2
57.75,255.0,267.5,237.5,247.5,3
57.833,255.0,267.5,237.5,247.5,3
57.917,255.0,267.5,237.5,247.5,3
58.0,255.0,267.5,237.5,247.5,3
58.083,255.0,267.5,237.5,247.5,3
58.167,255.0,267.5,237.5,247.5,3
58.25,255.0,267.5,237.5,247.5,3
58.333,255.0,267.5,237.5,247.5,3
58.417,255.0,267.5,237.5,247.5,3
58.5,255.0,267.5,240.0,247.5,3
58.583,255.0,270.0,240.0,247.5,3
58.667,255.0,270.0,240.0,247.5,3
58.75,255.0,270.0,240.0,247.5,3
58.833,255.0,270.0,240.0,247.5,3
58.917,257.5,270.0,240.0,250.0,3
59.0,257.5,270.0,240.0,250.0,3
59.083,257.5,270.0,240.0,250.0,3
59.167,257.5,270.0,240.0,250.0,3
59.25,257.5,270.0,240.0,250.0,3
59.333,257.5,270.0,240.0,250.0,3
59.417,257.5,270.0,240.0,250.0,3
59.5,257.5,270.0,240.0,250.0,3
59.583,257.5,270.0,240.0,250.0,3
59.667,257.5,270.0,240.0,250.0,3
59.75,257.5,270.0,240.0,250.0,2
59.833,257.5,270.0,240.0,250.0,2
59.917,257.5,272.5,240.0,250.0,2
60.0,257.5,272.5,240.0,250.0,2
60.083,257.5,272.5,242.5,250.0,2
60.167,257.5,272.5,242.5,252.5,2
60.25,257.5,272.5,242.5,252.5,2
60.333,257.5,272.5,242.5,252.5,2
60.417,257.5,272.5,242.5,252.5,2
60.5,257.5,272.5,242.5,252.5,2
60.583,257.5,272.5,242.5,252.5,2
60.667,257.5,272.5,242.5,252.5,2
60.75,257.5,272.5,242.5,252.5,2
60.833,257.5,272.5,242.5,252.5,2
60.917,257.5,272.5,242.5,252.5,2
61.0,257.5,272.5,242.5,252.5,2
61.083,257.5,272.5,242.5,252.5,2
61.167,257.5,272.5,242.5,252.5,2
61.25,257.5,272.5,242.5,252.5,2
61.333,257.5,272.5,242.5,252.5,2
61.417,257.5,272.5,242.5,252.5,2
61.5,260.0,272.5,242.5,252.5,2
61.583,260.0,272.5,242.5,252.5,2
61.667,260.0,272.5,242.5,252.5,2
61.75,260.0,275.0,242.5,252.5,2
61.833,260.0,275.0,242.5,252.5,2
61.917,260.0,275.0,242.5,252.5,2
62.0,260.0,275.0,242.5,252.5,2
62.083,260.0,275.0,242.5,252.5,2
62.167,260.0,275.0,242.5,252.5,2
62.25,260.0,275.0,242.5,252.5,2
62.333,262.5,275.0,242.5,252.5,2
62.417,262.5,275.0,245.0,252.5,2
62.5,262.5,275.0,245.0,252.5,2
62.583,262.5,275.0,245.0,252.5,2
62.667,262.5,275.0,245.0,252.5,2
62.75,262.5,275.0,245.0,252.5,2
62.833,265.0,275.0,245.0,252.5,2
62.917,265.0,275.0,245.0,252.5,2
63.0,265.0,275.0,245.0,252.5,2
63.083,265.0,275.0,245.0,252.5,2
63.167,265.0,275.0,245.0,252.5,3
63.25,265.0,275.0,245.0,252.5,3
63.333,265.0,275.0,247.5,255.0,3
63.417,265.0,275.0,247.5,255.0,3
63.5,265.0,275.0,247.5,255.0,3
63.583,265.0,275.0,247.5,255.0,3
63.667,265.0,275.0,247.5,255.0,3
63.75,265.0,275.0,247.5,255.0,3
63.833,265.0,275.0,247.5,255.0,3
63.917,265.0,275.0,247.5,255.0,3
64.0,265.0,275.0,247.5,255.0,3
64.083,265.0,275.0,247.5,255.0,3
64.167,265.0,275.0,247.5,255.0,3
64.25,265.0,277.5,247.5,255.0,3
64.333,265.0,277.5,247.5,257.5,3
64.417,265.0,277.5,247.5,257.5,3
64.5,265.0,277.5,247.5,257.5,3
64.583,265.0,277.5,247.5,257.5,3
64.667,265.0,277.5,247.5,257.5,3
64.75,265.0,277.5,247.5,257.5,3
64.833,265.0,277.5,247.5,257.5,3
64.917,265.0,277.5,247.5,257.5,3
65.0,265.0,277.5,247.5,257.5,3
65.083,265.0,277.5,247.5,257.5,3
65.167,265.0,277.5,247.5,257.5,3
65.25,265.0,277.5,247.5,257.5,3
65.333,265.0,277.5,247.5,260.0,3
65.417,265.0,280.0,247.5,260.0,3
65.5,265.0,280.0,247.5,260.0,3
65.583,265.0,280.0,247.5,260.0,3
65.667,265.0,280.0,247.5,260.0,3
65.75,265.0,280.0,247.5,260.0,3
65.833,265.0,280.0,247.5,260.0,3
65.917,265.0,280.0,247.5,260.0,3
66.0,265.0,280.0,247.5,260.0,3
66.083,265.0,280.0,247.5,260.0,3
66.167,265.0,280.0,247.5,260.0,3
66.25,267.5,282.5,247.5,260.0,3
66.333,267.5,282.5,247.5,260.0,3
66.417,267.5,282.5,247.5,260.0,3
66.5,267.5,282.5,247.5,260.0,3
66.583,267.5,282.5,247.5,260.0,3
66.667,267.5,282.5,247.5,260.0,3
66.75,267.5,282.5,247.5,260.0,3
66.833,267.5,282.5,250.0,260.0,3
66.917,267.5,282.5,250.0,260.0,3
67.0,270.0,282.5,250.0,260.0,3
67.083,270.0,282.5,250.0,260.0,3
67.167,270.0,282.5,250.0,260.0,3
67.25,270.0,282.5,250.0,260.0,3
67.333,270.0,282.5,250.0,260.0,3
67.417,272.5,282.5,252.5,260.0,3
67.5,272.5,282.5,252.5,260.0,3
67.583,272.5,282.5,252.5,262.5,3
67.667,272.5,282.5,252.5,262.5,3
67.75,272.5,282.5,252.5,262.5,3
67.833,272.5,282.5,252.5,262.5,3
67.917,272.5,282.5,252.5,262.5,3
68.0,272.5,282.5,252.5,262.5,3
68.083,272.5,282.5,252.5,262.5,3
68.167,272.5,282.5,252.5,262.5,3
68.25,272.5,282.5,252.5,262.5,3
68.333,272.5,282.5,252.5,262.5,3
68.417,272.5,285.0,252.5,262.5,3
68.5,272.5,285.0,252.5,262.5,3
68.583,272.5,285.0,252.5,262.5,3
68.667,272.5,285.0,252.5,262.5,3
68.75,272.5,285.0,252.5,262.5,3
68.833,272.5,285.0,252.5,262.5,3
68.917,272.5,285.0,255.0,262.5,3
69.0,272.5,285.0,255.0,265.0,3
69.083,272.5,285.0,255.0,265.0,3
69.167,272.5,285.0,255.0,265.0,3
69.25,272.5,285.0,255.0,265.0,3
69.333,272.5,285.0,255.0,265.0,3
69.417,272.5,285.0,255.0,265.0,3
69.5,272.5,285.0,255.0,265.0,3
69.583,272.5,287.5,255.0,265.0,3
69.667,272.5,287.5,255.0,265.0,3
69.75,272.5,287.5,255.0,265.0,3
69.833,272.5,287.5,255.0,265.0,3
69.917,272.5,287.5,255.0,267.5,3
70.0,272.5,287.5,255.0,267.5,3
70.083,272.5,287.5,255.0,267.5,3
70.167,272.5,287.5,255.0,267.5,3
70.25,272.5,287.5,255.0,267.5,3
70.333,272.5,287.5,255.0,267.5,3
70.417,272.5,287.5,255.0,267.5,3
70.5,272.5,287.5,255.0,267.5,3
70.583,272.5,287.5,255.0,267.5,3
70.667,272.5,290.0,255.0,267.5,3
70.75,272.5,290.0,255.0,267.5,3
70.833,272.5,290.0,255.0,267.5,3
70.917,272.5,290.0,255.0,267.5,3
71.0,272.5,290.0,255.0,270.0,3
71.083,272.5,290.0,255.0,270.0,3
71.167,272.5,290.0,255.0,270.0,3
71.25,272.5,290.0,255.0,270.0,3
71.333,272.5,290.0,255.0,270.0,3
71.417,272.5,290.0,255.0,270.0,3
71.5,272.5,292.5,255.0,270.0,3
71.583,272.5,292.5,255.0,270.0,3
71.667,272.5,292.5,255.0,270.0,3
71.75,272.5,292.5,255.0,270.0,3
71.833,272.5,292.5,255.0,272.5,3
71.917,272.5,292.5,255.0,272.5,3
72.0,272.5,292.5,255.0,272.5,3
72.083,272.5,292.5,255.0,272.5,0
72.167,272.5,292.5,255.0,272.5,0
72.25,272.5,292.5,255.0,272.5,0
72.333,272.5,292.5,255.0,272.5,0
72.417,272.5,292.5,255.0,272.5,0
72.5,272.5,292.5,255.0,272.5,0
72.583,272.5,292.5,255.0,272.5,0
72.667,272.5,292.5,255.0,272.5,0
72.75,272.5,292.5,255.0,272.5,0
72.833,272.5,292.5,255.0,272.5,1
72.917,272.5,292.5,255.0,272.5,1
73.0,272.5,292.5,255.0,272.5,1
73.083,272.5,292.5,255.0,272.5,1
73.167,272.5,292.5,255.0,272.5,1
73.25,272.5,292.5,255.0,272.5,1
73.333,272.5,292.5,255.0,272.5,1
73.417,272.5,292.5,255.0,272.5,1
73.5,272.5,292.5,255.0,272.5,1
73.583,272.5,292.5,255.0,272.5,1
73.667,272.5,292.5,255.0,272.5,2
73.75,272.5,292.5,255.0,272.5,2
73.833,272.5,295.0,255.0,272.5,3
73.917,272.5,295.0,255.0,272.5,3
74.0,272.5,295.0,255.0,275.0,3
74.083,272.5,295.0,255.0,275.0,3
74.167,272.5,295.0,255.0,275.0,3
74.25,272.5,295.0,255.0,275.0,3
74.333,272.5,295.0,255.0,275.0,3
74.417,272.5,295.0,255.0,275.0,3
74.5,272.5,295.0,255.0,275.0,3
74.583,272.5,295.0,255.0,275.0,3
74.667,272.5,295.0,255.0,275.0,3
74.75,272.5,297.5,255.0,275.0,3
74.833,272.5,297.5,255.0,275.0,3
74.917,272.5,297.5,255.0,277.5,3
75.0,272.5,297.5,255.0,277.5,3
75.083,272.5,297.5,255.0,277.5,4
75.167,272.5,297.5,255.0,277.5,4
75.25,272.5,297.5,255.0,277.5,4
75.333,272.5,297.5,255.0,277.5,4
75.417,272.5,297.5,255.0,277.5,4
75.5,272.5,300.0,255.0,277.5,4
75.583,272.5,300.0,255.0,277.5,4
75.667,272.5,300.0,255.0,277.5,4
75.75,272.5,300.0,255.0,280.0,4
75.833,272.5,300.0,255.0,280.0,4
75.917,272.5,300.0,257.5,280.0,4
76.0,272.5,300.0,257.5,280.0,4
76.083,272.5,300.0,257.5,280.0,4
76.167,272.5,300.0,257.5,280.0,4
76.25,272.5,300.0,257.5,280.0,4
76.333,272.5,300.0,257.5,280.0,4
76.417,272.5,300.0,257.5,280.0,4
76.5,272.5,302.5,257.5,282.5,4
76.583,272.5,302.5,257.5,282.5,4
76.667,272.5,302.5,257.5,282.5,4
76.75,272.5,302.5,257.5,282.5,4
76.833,272.5,302.5,257.5,282.5,4
76.917,272.5,302.5,257.5,282.5,4
77.0,272.5,302.5,257.5,282.5,4
77.083,272.5,305.0,257.5,282.5,4
77.167,272.5,305.0,257.5,282.5,4
77.25,272.5,305.0,257.5,282.5,4
77.333,272.5,305.0,257.5,282.5,4
77.417,272.5,305.0,257.5,285.0,4
77.5,272.5,305.0,257.5,285.0,4
77.583,272.5,305.0,257.5,285.0,4
77.667,272.5,305.0,260.0,285.0,4
77.75,272.5,307.5,260.0,285.0,4
77.833,272.5,307.5,260.0,285.0,4
77.917,272.5,307.5,260.0,285.0,3
78.0,272.5,307.5,260.0,285.0,3
78.083,272.5,307.5,260.0,285.0,3
78.167,272.5,307.5,260.0,287.5,3
78.25,272.5,307.5,260.0,287.5,4
78.333,272.5,307.5,260.0,287.5,4
78.417,272.5,307.5,260.0,287.5,4
78.5,272.5,307.5,260.0,287.5,4
78.583,272.5,307.5,260.0,287.5,4
78.667,272.5,307.5,260.0,287.5,4
78.75,272.5,310.0,260.0,287.5,4
78.833,272.5,310.0,260.0,287.5,4
78.917,272.5,310.0,260.0,287.5,4
79.0,272.5,310.0,260.0,287.5,4
79.083,272.5,310.0,260.0,287.5,4
79.167,272.5,310.0,260.0,290.0,4
79.25,272.5,310.0,260.0,290.0,4
79.333,272.5,310.0,260.0,290.0,4
79.417,272.5,310.0,260.0,290.0,4
79.5,272.5,310.0,260.0,290.0,4
79.583,272.5,312.5,260.0,290.0,4
79.667,272.5,312.5,260.0,290.0,4
79.75,272.5,312.5,260.0,292.5,4
79.833,272.5,312.5,260.0,292.5,4
79.917,272.5,312.5,260.0,292.5,4
80.0,272.5,312.5,260.0,292.5,4
80.083,272.5,312.5,260.0,292.5,4
80.167,272.5,312.5,260.0,292.5,4
80.25,272.5,315.0,260.0,292.5,4
80.333,272.5,315.0,260.0,292.5,4
80.417,272.5,315.0,260.0,292.5,4
80.5,272.5,315.0,260.0,292.5,4
80.583,272.5,315.0,260.0,292.5,4
80.667,272.5,315.0,260.0,292.5,4
80.75,272.5,315.0,260.0,292.5,4
80.833,272.5,315.0,260.0,295.0,4
80.917,272.5,315.0,260.0,295.0,4
81.0,272.5,315.0,262.5,295.0,4
81.083,272.5,315.0,262.5,295.0,4
81.167,272.5,315.0,262.5,295.0,4
81.25,272.5,317.5,262.5,295.0,4
81.333,272.5,317.5,262.5,295.0,4
81.417,272.5,317.5,262.5,295.0,4
81.5,272.5,317.5,262.5,295.0,4
81.583,272.5,317.5,262.5,297.5,4
81.667,272.5,317.5,262.5,297.5,4
81.75,272.5,317.5,262.5,297.5,4
81.833,272.5,317.5,262.5,297.5,4
81.917,272.5,317.5,262.5,297.5,4
82.0,272.5,317.5,262.5,297.5,4
82.083,272.5,320.0,262.5,297.5,4
82.167,272.5,320.0,262.5,297.5,4
82.25,272.5,320.0,262.5,297.5,4
82.333,272.5,320.0,262.5,297.5,4
82.417,272.5,320.0,262.5,297.5,4
82.5,272.5,320.0,262.5,297.5,4
82.583,272.5,320.0,262.5,297.5,4
82.667,272.5,320.0,262.5,300.0,4
82.75,272.5,320.0,262.5,300.0,4
82.833,272.5,322.5,265.0,300.0,4
82.917,272.5,322.5,265.0,300.0,4
83.0,272.5,322.5,265.0,300.0,4
83.083,272.5,322.5,265.0,300.0,4
83.167,272.5,322.5,265.0,300.0,4
83.25,272.5,322.5,265.0,300.0,4
83.333,272.5,322.5,265.0,300.0,4
83.417,272.5,322.5,265.0,300.0,4
83.5,272.5,322.5,265.0,300.0,4
83.583,272.5,322.5,265.0,300.0,4
83.667,272.5,322.5,265.0,300.0,4
83.75,272.5,322.5,265.0,302.5,4
83.833,272.5,322.5,265.0,302.5,4
83.917,272.5,325.0,265.0,302.5,4
84.0,272.5,325.0,265.0,302.5,4
84.083,272.5,325.0,265.0,302.5,4
84.167,272.5,325.0,265.0,302.5,4
84.25,272.5,325.0,265.0,302.5,4
84.333,272.5,325.0,265.0,302.5,4
84.417,272.5,325.0,265.0,302.5,4
84.5,272.5,325.0,265.0,302.5,4
84.583,272.5,325.0,265.0,305.0,4
84.667,272.5,325.0,265.0,305.0,4
84.75,272.5,325.0,265.0,305.0,4
84.833,272.5,325.0,265.0,305.0,4
84.917,272.5,327.5,265.0,305.0,4
85.0,272.5,327.5,265.0,305.0,4
85.083,272.5,327.5,265.0,305.0,4
85.167,272.5,327.5,265.0,305.0,4
85.25,272.5,327.5,265.0,305.0,4
85.333,272.5,327.5,265.0,305.0,4
85.417,272.5,327.5,265.0,305.0,4
85.5,272.5,327.5,265.0,305.0,4
85.583,272.5,327.5,265.0,305.0,4
85.667,272.5,327.5,265.0,307.5,4
85.75,272.5,330.0,265.0,307.5,4
85.833,272.5,330.0,267.5,307.5,4
85.917,272.5,330.0,267.5,307.5,4
86.0,272.5,330.0,267.5,307.5,4
86.083,272.5,330.0,267.5,307.5,4
86.167,272.5,330.0,267.5,307.5,4
86.25,272.5,330.0,267.5,307.5,4
86.333,272.5,330.0,267.5,310.0,4
86.417,272.5,330.0,267.5,310.0,4
86.5,272.5,332.5,267.5,310.0,4
86.583,272.5,332.5,267.5,310.0,4
86.667,272.5,332.5,267.5,310.0,4
86.75,272.5,332.5,267.5,310.0,4
86.833,272.5,332.5,267.5,310.0,4
86.917,272.5,332.5,267.5,310.0,4
87.0,272.5,332.5,267.5,310.0,4
87.083,272.5,332.5,267.5,310.0,4
87.167,272.5,332.5,267.5,310.0,4
87.25,272.5,332.5,267.5,310.0,4
87.333,272.5,332.5,267.5,310.0,4
87.417,272.5,332.5,267.5,310.0,4
87.5,272.5,335.0,267.5,312.5,4
87.583,272.5,335.0,270.0,312.5,4
87.667,272.5,335.0,270.0,312.5,4
87.75,272.5,335.0,270.0,312.5,4
87.833,272.5,335.0,270.0,312.5,4
87.917,272.5,335.0,270.0,312.5,4
88.0,272.5,335.0,270.0,312.5,4
88.083,272.5,335.0,270.0,312.5,4
88.167,272.5,335.0,270.0,312.5,4
88.25,272.5,335.0,270.0,312.5,4
88.333,272.5,335.0,270.0,315.0,3
88.417,272.5,335.0,270.0,315.0,3
88.5,272.5,335.0,270.0,315.0,3
88.583,272.5,335.0,270.0,315.0,3
88.667,272.5,335.0,270.0,315.0,3
88.75,272.5,335.0,270.0,315.0,3
88.833,272.5,335.0,270.0,315.0,3
88.917,272.5,335.0,270.0,315.0,3
89.0,272.5,335.0,270.0,315.0,3
89.083,272.5,337.5,270.0,315.0,3
89.167,272.5,337.5,270.0,315.0,3
89.25,272.5,337.5,270.0,315.0,3
89.333,272.5,337.5,270.0,315.0,3
89.417,272.5,337.5,270.0,315.0,3
89.5,272.5,337.5,270.0,315.0,3
89.583,272.5,337.5,270.0,317.5,3
89.667,272.5,337.5,270.0,317.5,3
89.75,272.5,337.5,270.0,317.5,3
89.833,272.5,337.5,270.0,317.5,3
89.917,272.5,337.5,270.0,317.5,3
90.0,272.5,340.0,270.0,317.5,3
90.083,272.5,340.0,270.0,317.5,3
90.167,272.5,340.0,270.0,317.5,3
90.25,272.5,340.0,270.0,317.5,4
90.333,272.5,340.0,270.0,317.5,4
90.417,272.5,340.0,270.0,320.0,4
90.5,272.5,340.0,272.5,320.0,4
90.583,272.5,340.0,272.5,320.0,4
90.667,272.5,340.0,272.5,320.0,4
90.75,272.5,342.5,272.5,320.0,4
90.833,272.5,342.5,272.5,320.0,4
90.917,272.5,342.5,272.5,320.0,4
91.0,272.5,342.5,272.5,320.0,4
91.083,272.5,342.5,272.5,320.0,4
91.167,272.5,342.5,272.5,322.5,4
91.25,272.5,342.5,272.5,322.5,4
91.333,272.5,342.5,272.5,322.5,4
91.417,272.5,345.0,272.5,322.5,4
91.5,272.5,345.0,272.5,322.5,4
91.583,272.5,345.0,272.5,322.5,4
91.667,272.5,345.0,272.5,322.5,4
91.75,272.5,345.0,272.5,325.0,4
91.833,272.5,345.0,272.5,325.0,3
91.917,272.5,345.0,272.5,325.0,3
92.0,272.5,345.0,272.5,325.0,3
92.083,272.5,345.0,272.5,325.0,3
92.167,272.5,347.5,272.5,325.0,3
92.25,272.5,347.5,272.5,325.0,3
92.333,272.5,347.5,272.5,325.0,3
92.417,272.5,347.5,272.5,325.0,3
92.5,272.5,347.5,272.5,325.0,3
92.583,272.5,347.5,272.5,325.0,3
92.667,272.5,347.5,272.5,325.0,3
92.75,272.5,347.5,272.5,325.0,3
92.833,272.5,347.5,272.5,325.0,3
92.917,272.5,347.5,272.5,327.5,3
93.0,272.5,347.5,272.5,327.5,3
93.083,272.5,347.5,272.5,327.5,3
93.167,272.5,347.5,272.5,327.5,3
93.25,272.5,347.5,272.5,327.5,3
93.333,272.5,350.0,272.5,327.5,3
93.417,272.5,350.0,272.5,327.5,3
93.5,272.5,350.0,272.5,327.5,3
93.583,272.5,350.0,272.5,327.5,3
93.667,272.5,350.0,272.5,327.5,3
93.75,272.5,350.0,272.5,327.5,2
93.833,272.5,350.0,272.5,327.5,2
93.917,272.5,350.0,272.5,327.5,2
94.0,272.5,350.0,272.5,327.5,2
94.083,272.5,350.0,272.5,330.0,2
94.167,272.5,350.0,272.5,330.0,2
94.25,272.5,350.0,272.5,330.0,2
94.333,272.5,350.0,272.5,330.0,2
94.417,272.5,352.5,272.5,330.0,2
94.5,272.5,352.5,272.5,330.0,2
94.583,272.5,352.5,272.5,330.0,2
94.667,272.5,352.5,272.5,330.0,2
94.75,272.5,352.5,272.5,330.0,2
94.833,272.5,352.5,272.5,330.0,2
94.917,272.5,352.5,272.5,330.0,2
95.0,272.5,352.5,272.5,330.0,2
95.083,272.5,352.5,272.5,330.0,2
95.167,272.5,352.5,272.5,330.0,2
95.25,272.5,352.5,272.5,330.0,2
95.333,272.5,352.5,272.5,330.0,2
95.417,272.5,352.5,272.5,330.0,2
95.5,272.5,352.5,272.5,332.5,2
95.583,272.5,352.5,272.5,332.5,2
95.667,272.5,352.5,272.5,332.5,2
95.75,272.5,352.5,272.5,332.5,2
95.833,272.5,355.0,272.5,332.5,2
95.917,272.5,355.0,272.5,332.5,2
96.0,272.5,355.0,272.5,332.5,2
96.083,272.5,355.0,272.5,332.5,0
96.167,272.5,355.0,272.5,332.5,0
96.25,272.5,355.0,272.5,332.5,0
96.333,272.5,355.0,272.5,332.5,0
96.417,272.5,355.0,272.5,332.5,0
96.5,272.5,355.0,272.5,332.5,0
96.583,272.5,355.0,272.5,332.5,0
96.667,272.5,355.0,272.5,332.5,0
96.75,272.5,355.0,272.5,332.5,1
96.833,272.5,355.0,272.5,332.5,1
96.917,272.5,355.0,272.5,332.5,1
97.0,272.5,355.0,272.5,332.5,1
97.083,272.5,355.0,272.5,332.5,1
97.167,272.5,355.0,272.5,332.5,1
97.25,272.5,355.0,272.5,332.5,1
97.333,272.5,355.0,272.5,332.5,1
97.417,272.5,355.0,272.5,332.5,1
97.5,272.5,355.0,272.5,332.5,1
97.583,272.5,355.0,272.5,332.5,1
97.667,272.5,355.0,272.5,332.5,1
97.75,272.5,355.0,272.5,332.5,1
97.833,272.5,355.0,272.5,332.5,1
97.917,272.5,355.0,272.5,332.5,1
98.0,272.5,355.0,272.5,332.5,1
98.083,272.5,355.0,272.5,332.5,1
98.167,272.5,355.0,272.5,332.5,1
98.25,272.5,355.0,272.5,332.5,1
98.333,272.5,355.0,272.5,332.5,1
98.417,272.5,355.0,272.5,332.5,1
98.5,272.5,355.0,272.5,332.5,1
98.583,272.5,355.0,272.5,332.5,1
98.667,272.5,355.0,272.5,332.5,1
98.75,272.5,355.0,272.5,332.5,1
98.833,272.5,355.0,272.5,332.5,1
98.917,272.5,355.0,272.5,332.5,1
99.0,272.5,355.0,272.5,332.5,1
99.083,272.5,355.0,272.5,332.5,1
99.167,272.5,355.0,272.5,332.5,1
99.25,272.5,355.0,272.5,332.5,1
99.333,272.5,355.0,272.5,332.5,1
99.417,272.5,355.0,272.5,332.5,1
99.5,272.5,355.0,272.5,335.0,1
99.583,272.5,355.0,272.5,335.0,1
99.667,272.5,355.0,272.5,335.0,1
99.75,272.5,355.0,272.5,335.0,1
99.833,272.5,357.5,272.5,335.0,1
99.917,272.5,357.5,272.5,335.0,1
100.0,272.5,357.5,272.5,335.0,1
100.083,272.5,357.5,272.5,335.0,1
100.167,272.5,357.5,272.5,335.0,1
100.25,272.5,357.5,272.5,335.0,1
100.333,272.5,357.5,272.5,335.0,1
100.417,272.5,357.5,272.5,335.0,1
100.5,272.5,357.5,272.5,335.0,1
100.583,272.5,357.5,272.5,335.0,1
100.667,272.5,357.5,272.5,335.0,1
100.75,272.5,357.5,272.5,335.0,1
100.833,272.5,357.5,272.5,335.0,1
100.917,272.5,357.5,272.5,335.0,1
101.0,272.5,357.5,272.5,335.0,1
101.083,272.5,357.5,272.5,335.0,1
101.167,272.5,357.5,272.5,335.0,2
101.25,272.5,357.5,272.5,335.0,2
101.333,272.5,357.5,272.5,337.5,3
101.417,275.0,357.5,272.5,337.5,3
101.5,275.0,357.5,272.5,337.5,3
101.583,275.0,357.5,272.5,337.5,3
101.667,275.0,360.0,272.5,337.5,3
101.75,275.0,360.0,272.5,337.5,3
101.833,275.0,360.0,272.5,337.5,3
101.917,275.0,360.0,272.5,337.5,3
102.0,275.0,360.0,272.5,337.5,3
102.083,275.0,360.0,272.5,337.5,3
102.167,275.0,360.0,272.5,337.5,3
102.25,275.0,360.0,272.5,337.5,3
102.333,275.0,360.0,272.5,337.5,3
102.417,275.0,360.0,272.5,337.5,3
102.5,275.0,362.5,272.5,337.5,3
102.583,275.0,362.5,272.5,337.5,3
102.667,275.0,362.5,272.5,337.5,3
102.75,275.0,362.5,272.5,337.5,3
102.833,275.0,362.5,272.5,340.0,3
102.917,275.0,362.5,272.5,340.0,3
103.0,275.0,362.5,272.5,340.0,3
103.083,275.0,362.5,272.5,340.0,3
103.167,275.0,362.5,272.5,340.0,3
103.25,275.0,362.5,272.5,340.0,3
103.333,275.0,362.5,272.5,340.0,3
103.417,275.0,365.0,272.5,340.0,3
103.5,275.0,365.0,272.5,340.0,3
103.583,275.0,365.0,272.5,340.0,3
103.667,275.0,365.0,272.5,340.0,3
103.75,275.0,365.0,272.5,340.0,3
103.833,275.0,365.0,272.5,340.0,3
103.917,275.0,365.0,272.5,340.0,3
104.0,275.0,365.0,272.5,342.5,3
104.083,275.0,365.0,272.5,342.5,3
104.167,275.0,365.0,272.5,342.5,3
104.25,275.0,365.0,272.5,342.5,3
104.333,275.0,365.0,272.5,342.5,3
104.417,275.0,365.0,272.5,342.5,3
104.5,275.0,365.0,272.5,342.5,3
104.583,275.0,367.5,272.5,342.5,3
104.667,275.0,367.5,272.5,342.5,3
104.75,275.0,367.5,272.5,342.5,3
104.833,275.0,367.5,272.5,342.5,3
104.917,275.0,367.5,272.5,342.5,3
105.0,275.0,367.5,272.5,342.5,3
105.083,275.0,367.5,272.5,342.5,3
105.167,275.0,367.5,272.5,342.5,3
105.25,275.0,367.5,272.5,342.5,3
105.333,277.5,367.5,272.5,342.5,3
105.417,277.5,367.5,272.5,342.5,3
105.5,277.5,367.5,272.5,342.5,3
105.583,277.5,370.0,272.5,342.5,3
105.667,277.5,370.0,272.5,342.5,3
105.75,277.5,370.0,272.5,342.5,3
105.833,277.5,370.0,272.5,342.5,3
105.917,277.5,370.0,272.5,342.5,3
106.0,277.5,370.0,272.5,342.5,3
106.083,277.5,370.0,272.5,342.5,3
106.167,277.5,370.0,272.5,342.5,3
106.25,277.5,370.0,272.5,342.5,3
106.333,277.5,370.0,272.5,342.5,3
106.417,277.5,370.0,272.5,345.0,3
106.5,277.5,370.0,272.5,345.0,3
106.583,277.5,370.0,272.5,345.0,3
106.667,277.5,370.0,272.5,345.0,3
106.75,277.5,370.0,272.5,345.0,3
106.833,277.5,370.0,272.5,345.0,3
106.917,277.5,372.5,272.5,345.0,3
107.0,277.5,372.5,272.5,345.0,3
107.083,277.5,372.5,272.5,345.0,3
107.167,277.5,372.5,272.5,345.0,3
107.25,277.5,372.5,272.5,345.0,3
107.333,277.5,372.5,272.5,347.5,3
107.417,277.5,372.5,272.5,347.5,3
107.5,277.5,372.5,272.5,347.5,3
107.583,277.5,372.5,272.5,347.5,3
107.667,277.5,375.0,272.5,347.5,3
107.75,277.5,375.0,272.5,347.5,3
107.833,277.5,375.0,272.5,347.5,3
107.917,277.5,375.0,272.5,347.5,3
108.0,277.5,375.0,272.5,347.5,3
108.083,277.5,375.0,272.5,347.5,3
108.167,277.5,375.0,272.5,347.5,3
108.25,277.5,375.0,272.5,350.0,3
108.333,277.5,375.0,272.5,350.0,4
108.417,277.5,375.0,272.5,350.0,4
108.5,277.5,375.0,272.5,350.0,4
108.583,277.5,375.0,272.5,350.0,4
108.667,277.5,377.5,272.5,350.0,4
108.75,277.5,377.5,272.5,350.0,4
108.833,277.5,377.5,272.5,350.0,4
108.917,277.5,377.5,272.5,350.0,4
109.0,277.5,377.5,272.5,352.5,4
109.083,277.5,377.5,272.5,352.5,4
109.167,277.5,377.5,272.5,352.5,4
109.25,277.5,380.0,272.5,352.5,4
109.333,277.5,380.0,272.5,352.5,4
109.417,277.5,380.0,272.5,352.5,4
109.5,277.5,380.0,272.5,352.5,4
109.583,277.5,380.0,272.5,352.5,4
109.667,277.5,380.0,272.5,352.5,4
109.75,277.5,380.0,272.5,355.0,4
109.833,277.5,380.0,272.5,355.0,4
109.917,277.5,382.5,272.5,355.0,4
110.0,277.5,382.5,272.5,355.0,4
110.083,277.5,382.5,272.5,355.0,4
110.167,277.5,382.5,272.5,355.0,4
110.25,277.5,382.5,272.5,355.0,4
110.333,277.5,382.5,272.5,355.0,4
110.417,277.5,382.5,272.5,355.0,4
110.5,277.5,382.5,272.5,357.5,4
110.583,277.5,382.5,272.5,357.5,4
110.667,277.5,382.5,272.5,357.5,4
110.75,277.5,382.5,272.5,357.5,4
110.833,277.5,382.5,272.5,357.5,4
110.917,277.5,385.0,272.5,357.5,4
111.0,277.5,385.0,272.5,357.5,4
111.083,277.5,385.0,272.5,357.5,4
111.167,277.5,385.0,272.5,357.5,4
111.25,277.5,385.0,272.5,357.5,4
111.333,277.5,385.0,272.5,360.0,4
111.417,277.5,385.0,272.5,360.0,4
111.5,277.5,385.0,272.5,360.0,4
111.583,277.5,387.5,272.5,360.0,4
111.667,277.5,387.5,272.5,360.0,4
111.75,277.5,387.5,272.5,360.0,4
111.833,277.5,387.5,272.5,360.0,4
111.917,277.5,387.5,272.5,360.0,4
112.0,277.5,387.5,272.5,362.5,4
112.083,277.5,387.5,272.5,362.5,4
112.167,277.5,390.0,272.5,362.5,4
112.25,277.5,390.0,275.0,362.5,4
112.333,277.5,390.0,275.0,362.5,4
112.417,277.5,390.0,275.0,362.5,4
112.5,277.5,390.0,275.0,362.5,3
112.583,277.5,390.0,275.0,362.5,3
112.667,277.5,390.0,275.0,362.5,3
112.75,277.5,390.0,275.0,362.5,3
112.833,277.5,390.0,275.0,365.0,3
112.917,277.5,390.0,275.0,365.0,3
113.0,277.5,390.0,275.0,365.0,2
113.083,277.5,390.0,275.0,365.0,2
113.167,277.5,390.0,275.0,365.0,2
113.25,277.5,390.0,275.0,365.0,2
113.333,277.5,390.0,275.0,365.0,2
113.417,277.5,390.0,275.0,365.0,2
113.5,277.5,390.0,275.0,365.0,2
113.583,277.5,392.5,275.0,365.0,2
113.667,277.5,392.5,275.0,365.0,2
113.75,277.5,392.5,275.0,365.0,2
113.833,277.5,392.5,275.0,365.0,2
113.917,277.5,392.5,275.0,365.0,2
114.0,277.5,392.5,275.0,365.0,2
114.083,277.5,392.5,275.0,365.0,2
114.167,277.5,392.5,275.0,365.0,2
114.25,277.5,392.5,275.0,365.0,2
114.333,277.5,392.5,275.0,365.0,2
114.417,277.5,392.5,275.0,365.0,2
114.5,277.5,392.5,275.0,365.0,2
114.583,277.5,392.5,275.0,365.0,2
114.667,277.5,392.5,275.0,365.0,2
114.75,277.5,392.5,275.0,365.0,2
114.833,277.5,392.5,275.0,365.0,2
114.917,277.5,392.5,275.0,365.0,2
115.0,277.5,392.5,275.0,365.0,2
115.083,277.5,392.5,275.0,365.0,2
115.167,277.5,392.5,275.0,365.0,2
115.25,277.5,392.5,275.0,367.5,2
115.333,277.5,392.5,277.5,367.5,2
115.417,277.5,392.5,277.5,367.5,2
115.5,277.5,392.5,277.5,367.5,2
115.583,277.5,392.5,277.5,367.5,2
115.667,277.5,395.0,277.5,367.5,2
115.75,277.5,395.0,277.5,367.5,2
115.833,277.5,395.0,277.5,367.5,2
115.917,277.5,395.0,277.5,367.5,2
116.0,277.5,395.0,277.5,367.5,2
116.083,277.5,395.0,277.5,367.5,2
116.167,277.5,395.0,277.5,367.5,2
116.25,277.5,395.0,277.5,367.5,2
116.333,277.5,395.0,277.5,367.5,2
116.417,277.5,395.0,277.5,367.5,2
116.5,277.5,395.0,277.5,367.5,2
116.583,277.5,395.0,277.5,367.5,2
116.667,277.5,395.0,277.5,367.5,2
116.75,277.5,395.0,277.5,367.5,2
116.833,277.5,395.0,277.5,367.5,2
116.917,277.5,395.0,277.5,367.5,2
117.0,277.5,395.0,277.5,370.0,2
117.083,277.5,395.0,277.5,370.0,2
117.167,277.5,395.0,277.5,370.0,2
117.25,277.5,395.0,277.5,370.0,2
117.333,277.5,395.0,277.5,370.0,2
117.417,277.5,395.0,277.5,370.0,2
117.5,277.5,397.5,277.5,370.0,2
117.583,277.5,397.5,277.5,370.0,2
117.667,277.5,397.5,277.5,370.0,2
117.75,277.5,397.5,277.5,370.0,2
117.833,277.5,397.5,277.5,370.0,2
117.917,277.5,397.5,277.5,370.0,2
118.0,277.5,397.5,277.5,370.0,2
118.083,277.5,397.5,277.5,370.0,2
118.167,277.5,397.5,277.5,370.0,2
118.25,277.5,397.5,277.5,370.0,2
118.333,277.5,397.5,277.5,370.0,2
118.417,277.5,397.5,277.5,370.0,2
118.5,277.5,397.5,277.5,372.5,2
118.583,277.5,397.5,277.5,372.5,2
118.667,277.5,397.5,277.5,372.5,2
118.75,277.5,397.5,277.5,372.5,2
118.833,277.5,397.5,277.5,372.5,2
118.917,277.5,397.5,277.5,372.5,2
119.0,277.5,397.5,277.5,372.5,2
119.083,277.5,400.0,277.5,372.5,2
119.167,277.5,400.0,277.5,372.5,2
119.25,277.5,400.0,277.5,372.5,2
119.333,277.5,400.0,277.5,372.5,2
119.417,277.5,400.0,277.5,372.5,2
119.5,277.5,400.0,277.5,372.5,3
119.583,277.5,400.0,277.5,372.5,3
119.667,277.5,400.0,277.5,372.5,3
119.75,277.5,400.0,277.5,372.5,3
119.833,277.5,400.0,277.5,372.5,3
119.917,277.5,400.0,277.5,375.0,3
120.0,277.5,400.0,277.5,375.0,3
120.083,277.5,400.0,277.5,375.0,0
120.167,277.5,400.0,277.5,375.0,0
120.25,277.5,400.0,277.5,375.0,0
120.333,277.5,400.0,277.5,375.0,0
120.417,277.5,400.0,277.5,375.0,0
120.5,277.5,400.0,277.5,375.0,0
120.583,277.5,400.0,277.5,375.0,1
120.667,277.5,400.0,277.5,375.0,1
120.75,277.5,402.5,277.5,375.0,2
120.833,277.5,402.5,277.5,375.0,2
120.917,277.5,402.5,277.5,375.0,2
121.0,277.5,402.5,277.5,375.0,2
121.083,277.5,402.5,277.5,375.0,2
121.167,277.5,402.5,277.5,375.0,2
121.25,277.5,402.5,277.5,375.0,2
121.333,277.5,402.5,277.5,375.0,2
121.417,277.5,402.5,277.5,375.0,2
121.5,277.5,402.5,277.5,375.0,2
121.583,277.5,402.5,277.5,375.0,2
121.667,277.5,402.5,277.5,375.0,2
121.75,277.5,402.5,277.5,375.0,2
121.833,277.5,402.5,277.5,375.0,2
121.917,277.5,402.5,277.5,375.0,2
122.0,277.5,402.5,277.5,377.5,2
122.083,277.5,402.5,277.5,377.5,3
122.167,277.5,402.5,277.5,377.5,3
122.25,277.5,405.0,277.5,377.5,3
122.333,277.5,405.0,277.5,377.5,3
122.417,277.5,405.0,277.5,377.5,3
122.5,277.5,405.0,277.5,377.5,3
122.583,277.5,405.0,277.5,377.5,3
122.667,277.5,405.0,277.5,377.5,3
122.75,277.5,405.0,277.5,377.5,3
122.833,277.5,407.5,277.5,377.5,3
122.917,277.5,407.5,277.5,377.5,4
123.0,277.5,407.5,277.5,380.0,4
123.083,277.5,407.5,277.5,380.0,4
123.167,277.5,407.5,277.5,380.0,4
123.25,277.5,407.5,277.5,380.0,4
123.333,277.5,407.5,277.5,380.0,4
123.417,277.5,407.5,277.5,380.0,4
123.5,277.5,407.5,277.5,382.5,4
123.583,277.5,407.5,277.5,382.5,4
123.667,277.5,407.5,277.5,382.5,4
123.75,277.5,407.5,277.5,382.5,4
123.833,277.5,407.5,277.5,382.5,4
123.917,277.5,410.0,277.5,382.5,4
124.0,277.5,410.0,277.5,382.5,4
124.083,277.5,410.0,277.5,382.5,4
124.167,277.5,410.0,277.5,382.5,4
124.25,277.5,410.0,277.5,385.0,4
124.333,277.5,410.0,277.5,385.0,4
124.417,277.5,410.0,277.5,385.0,4
124.5,277.5,412.5,277.5,385.0,4
124.583,277.5,412.5,277.5,385.0,4
124.667,277.5,412.5,277.5,385.0,4
124.75,277.5,412.5,277.5,385.0,4
124.833,277.5,412.5,277.5,387.5,4
124.917,277.5,412.5,277.5,387.5,4
125.0,277.5,412.5,277.5,387.5,4
125.083,277.5,412.5,277.5,387.5,4
125.167,277.5,412.5,277.5,387.5,4
125.25,277.5,415.0,277.5,387.5,4
125.333,277.5,415.0,277.5,387.5,4
125.417,277.5,415.0,277.5,387.5,4
125.5,277.5,415.0,277.5,387.5,4
125.583,277.5,415.0,277.5,387.5,4
125.667,277.5,415.0,277.5,390.0,4
125.75,277.5,415.0,277.5,390.0,4
125.833,277.5,417.5,277.5,390.0,4
125.917,277.5,417.5,280.0,390.0,4
126.0,277.5,417.5,280.0,390.0,4
126.083,277.5,417.5,280.0,390.0,4
126.167,277.5,417.5,280.0,390.0,4
126.25,277.5,417.5,280.0,390.0,4
126.333,277.5,420.0,280.0,390.0,4
126.417,277.5,420.0,280.0,392.5,4
126.5,277.5,420.0,280.0,392.5,4
126.583,277.5,420.0,280.0,392.5,4
126.667,277.5,420.0,280.0,392.5,4
126.75,277.5,420.0,280.0,392.5,4
126.833,277.5,420.0,280.0,392.5,4
126.917,277.5,420.0,280.0,392.5,4
127.0,277.5,420.0,280.0,392.5,4
127.083,277.5,420.0,280.0,392.5,4
127.167,277.5,420.0,280.0,392.5,4
127.25,277.5,422.5,280.0,392.5,4
127.333,277.5,422.5,280.0,392.5,4
127.417,277.5,422.5,282.5,395.0,4
127.5,277.5,422.5,282.5,395.0,4
127.583,277.5,422.5,282.5,395.0,4
127.667,277.5,422.5,282.5,395.0,4
127.75,277.5,422.5,282.5,395.0,4
127.833,277.5,422.5,282.5,395.0,4
127.917,277.5,422.5,282.5,395.0,4
128.0,277.5,422.5,282.5,395.0,4
128.083,277.5,425.0,282.5,395.0,4
128.167,277.5,425.0,282.5,395.0,4
128.25,277.5,425.0,282.5,395.0,4
128.333,277.5,425.0,282.5,397.5,4
128.417,277.5,425.0,282.5,397.5,4
128.5,277.5,425.0,282.5,397.5,4
128.583,277.5,425.0,282.5,397.5,4
128.667,277.5,425.0,282.5,397.5,4
128.75,277.5,425.0,282.5,397.5,4
128.833,277.5,425.0,282.5,397.5,4
128.917,277.5,427.5,282.5,397.5,4
129.0,277.5,427.5,282.5,397.5,4
129.083,277.5,427.5,282.5,397.5,4
129.167,277.5,427.5,282.5,397.5,4
129.25,277.5,427.5,282.5,397.5,4
129.333,277.5,427.5,282.5,400.0,4
129.417,277.5,427.5,282.5,400.0,4
129.5,277.5,427.5,282.5,400.0,4
129.583,277.5,427.5,282.5,400.0,4
129.667,277.5,427.5,282.5,400.0,4
129.75,277.5,430.0,282.5,400.0,4
129.833,277.5,430.0,282.5,400.0,3
129.917,277.5,430.0,282.5,400.0,3
130.0,277.5,430.0,282.5,402.5,3
130.083,277.5,430.0,282.5,402.5,3
130.167,277.5,430.0,282.5,402.5,3
130.25,277.5,430.0,282.5,402.5,3
130.333,277.5,430.0,282.5,402.5,3
130.417,277.5,430.0,282.5,402.5,3
130.5,277.5,430.0,282.5,402.5,3
130.583,277.5,430.0,282.5,402.5,3
130.667,277.5,430.0,282.5,402.5,3
130.75,277.5,430.0,282.5,402.5,3
130.833,277.5,432.5,282.5,402.5,3
130.917,277.5,432.5,282.5,402.5,3
131.0,277.5,432.5,282.5,402.5,3
131.083,277.5,432.5,282.5,402.5,3
131.167,277.5,432.5,282.5,402.5,3
131.25,277.5,432.5,282.5,402.5,3
131.333,277.5,432.5,282.5,402.5,3
131.417,277.5,432.5,282.5,402.5,3
131.5,277.5,432.5,282.5,402.5,3
131.583,277.5,432.5,282.5,405.0,3
131.667,277.5,432.5,282.5,405.0,3
131.75,277.5,432.5,282.5,405.0,3
131.833,277.5,435.0,282.5,405.0,3
131.917,277.5,435.0,282.5,405.0,3
132.0,277.5,435.0,282.5,405.0,3
132.083,277.5,435.0,282.5,405.0,3
132.167,277.5,435.0,282.5,405.0,3
132.25,277.5,435.0,282.5,405.0,3
132.333,277.5,435.0,282.5,405.0,3
132.417,277.5,435.0,282.5,405.0,3
132.5,277.5,435.0,282.5,405.0,3
132.583,277.5,435.0,282.5,405.0,3
132.667,277.5,435.0,282.5,407.5,3
132.75,277.5,435.0,282.5,407.5,3
132.833,277.5,435.0,282.5,407.5,3
132.917,277.5,435.0,282.5,407.5,3
133.0,277.5,435.0,282.5,407.5,3
133.083,277.5,435.0,282.5,407.5,3
133.167,277.5,437.5,282.5,407.5,3
133.25,277.5,437.5,282.5,407.5,3
133.333,277.5,437.5,282.5,407.5,3
133.417,277.5,437.5,282.5,407.5,3
133.5,277.5,437.5,282.5,407.5,3
133.583,277.5,437.5,282.5,410.0,3
133.667,277.5,437.5,282.5,410.0,3
133.75,277.5,437.5,282.5,410.0,3
133.833,277.5,437.5,282.5,410.0,3
133.917,277.5,437.5,282.5,410.0,3
134.0,277.5,440.0,282.5,410.0,3
134.083,277.5,440.0,282.5,410.0,3
134.167,277.5,440.0,282.5,410.0,3
134.25,277.5,440.0,282.5,410.0,3
134.333,277.5,440.0,282.5,410.0,3
134.417,277.5,440.0,282.5,410.0,3
134.5,277.5,440.0,282.5,410.0,3
134.583,277.5,440.0,282.5,410.0,3
134.667,277.5,440.0,282.5,410.0,3
134.75,277.5,440.0,282.5,410.0,3
134.833,280.0,440.0,282.5,410.0,3
134.917,280.0,440.0,285.0,410.0,2
135.0,280.0,440.0,285.0,410.0,2
135.083,280.0,440.0,285.0,410.0,2
135.167,280.0,440.0,285.0,410.0,2
135.25,280.0,440.0,285.0,410.0,2
135.333,280.0,442.5,285.0,410.0,2
135.417,280.0,442.5,285.0,410.0,2
135.5,280.0,442.5,285.0,410.0,2
135.583,280.0,442.5,285.0,410.0,2
135.667,280.0,442.5,285.0,410.0,2
135.75,280.0,442.5,285.0,410.0,2
135.833,280.0,442.5,285.0,410.0,2
135.917,280.0,442.5,285.0,410.0,2
136.0,280.0,442.5,285.0,410.0,2
136.083,280.0,442.5,285.0,410.0,2
136.167,280.0,442.5,285.0,410.0,2
136.25,280.0,442.5,285.0,410.0,2
136.333,282.5,442.5,285.0,410.0,2
136.417,282.5,442.5,285.0,410.0,2
136.5,282.5,442.5,285.0,410.0,2
136.583,282.5,442.5,285.0,410.0,2
136.667,282.5,442.5,285.0,410.0,2
136.75,282.5,442.5,285.0,410.0,2
136.833,282.5,442.5,285.0,410.0,2
136.917,282.5,445.0,285.0,410.0,2
137.0,282.5,445.0,285.0,410.0,2
137.083,282.5,445.0,285.0,410.0,2
137.167,282.5,445.0,285.0,410.0,2
137.25,282.5,445.0,285.0,410.0,2
137.333,282.5,445.0,285.0,410.0,2
137.417,282.5,445.0,285.0,410.0,2
137.5,282.5,445.0,285.0,410.0,2
137.583,282.5,445.0,285.0,410.0,2
137.667,282.5,445.0,285.0,410.0,1
137.75,282.5,445.0,285.0,410.0,1
137.833,282.5,445.0,285.0,410.0,1
137.917,282.5,445.0,285.0,410.0,1
138.0,282.5,445.0,285.0,410.0,1
138.083,282.5,445.0,285.0,410.0,1
138.167,282.5,445.0,285.0,410.0,1
138.25,282.5,445.0,285.0,410.0,1
138.333,282.5,445.0,285.0,410.0,1
138.417,285.0,445.0,285.0,410.0,1
138.5,285.0,445.0,285.0,410.0,1
138.583,285.0,445.0,285.0,410.0,1
138.667,285.0,445.0,285.0,410.0,1
138.75,285.0,445.0,285.0,410.0,1
138.833,285.0,447.5,285.0,410.0,1
138.917,285.0,447.5,285.0,410.0,1
139.0,285.0,447.5,285.0,410.0,1
139.083,285.0,447.5,285.0,410.0,1
139.167,285.0,447.5,285.0,410.0,1
139.25,285.0,447.5,285.0,410.0,1
139.333,285.0,447.5,285.0,410.0,1
139.417,285.0,447.5,285.0,410.0,1
139.5,285.0,447.5,285.0,410.0,1
139.583,285.0,447.5,285.0,410.0,1
139.667,287.5,447.5,285.0,410.0,1
139.75,287.5,447.5,285.0,410.0,1
139.833,287.5,447.5,285.0,410.0,1
139.917,287.5,447.5,285.0,410.0,1
140.0,287.5,447.5,285.0,410.0,1
140.083,287.5,447.5,285.0,410.0,1
140.167,287.5,447.5,285.0,410.0,1
140.25,287.5,447.5,285.0,410.0,1
140.333,287.5,447.5,285.0,410.0,1
140.417,287.5,447.5,285.0,410.0,1
140.5,287.5,447.5,285.0,410.0,1
140.583,287.5,447.5,285.0,410.0,1
140.667,287.5,447.5,285.0,410.0,1
140.75,290.0,447.5,285.0,410.0,1
140.833,290.0,447.5,285.0,410.0,1
140.917,290.0,447.5,285.0,410.0,1
141.0,290.0,447.5,285.0,410.0,1
141.083,290.0,447.5,285.0,410.0,1
141.167,290.0,447.5,285.0,410.0,1
141.25,290.0,447.5,285.0,410.0,1
141.333,290.0,447.5,285.0,410.0,1
141.417,290.0,447.5,285.0,410.0,1
141.5,290.0,447.5,285.0,410.0,1
141.583,292.5,447.5,285.0,410.0,1
141.667,292.5,447.5,285.0,410.0,1
141.75,292.5,447.5,285.0,410.0,1
141.833,292.5,447.5,285.0,410.0,1
141.917,292.5,447.5,285.0,410.0,1
142.0,292.5,447.5,285.0,410.0,1
142.083,292.5,447.5,285.0,410.0,1
142.167,292.5,447.5,285.0,410.0,1
142.25,292.5,447.5,285.0,410.0,1
142.333,292.5,447.5,285.0,410.0,1
142.417,292.5,447.5,285.0,410.0,1
142.5,292.5,447.5,285.0,410.0,1
142.583,292.5,447.5,285.0,410.0,1
142.667,295.0,447.5,285.0,410.0,1
142.75,295.0,447.5,285.0,410.0,1
142.833,295.0,447.5,285.0,410.0,1
142.917,295.0,447.5,285.0,410.0,1
143.0,295.0,447.5,285.0,410.0,1
143.083,295.0,447.5,285.0,410.0,1
143.167,295.0,447.5,285.0,410.0,1
143.25,295.0,447.5,285.0,410.0,1
143.333,295.0,447.5,285.0,410.0,1
143.417,295.0,447.5,285.0,410.0,1
143.5,297.5,447.5,285.0,410.0,1
143.583,297.5,447.5,285.0,410.0,1
143.667,297.5,447.5,285.0,410.0,1
143.75,297.5,447.5,285.0,410.0,1
143.833,297.5,447.5,285.0,410.0,1
143.917,297.5,447.5,285.0,410.0,1
144.0,297.5,447.5,285.0,410.0,1
144.083,297.5,447.5,285.0,410.0,0
144.167,297.5,447.5,285.0,410.0,0
144.25,297.5,447.5,285.0,410.0,0
144.333,297.5,447.5,285.0,410.0,0
144.417,297.5,447.5,285.0,410.0,0
144.5,297.5,447.5,285.0,410.0,0
144.583,297.5,447.5,285.0,410.0,0
144.667,297.5,447.5,285.0,410.0,0
144.75,297.5,447.5,285.0,410.0,0
144.833,297.5,447.5,285.0,410.0,0
144.917,297.5,447.5,285.0,410.0,0
145.0,297.5,447.5,285.0,410.0,0
145.083,297.5,447.5,285.0,410.0,0
145.167,297.5,447.5,285.0,410.0,0
145.25,297.5,447.5,285.0,410.0,0
145.333,297.5,447.5,285.0,410.0,1
145.417,297.5,447.5,285.0,410.0,1
145.5,297.5,447.5,285.0,410.0,1
145.583,297.5,447.5,285.0,410.0,1
145.667,300.0,447.5,285.0,410.0,1
145.75,300.0,447.5,285.0,410.0,1
145.833,300.0,447.5,285.0,410.0,1
145.917,300.0,447.5,285.0,410.0,1
146.0,300.0,447.5,285.0,410.0,1
146.083,300.0,447.5,285.0,410.0,1
146.167,300.0,447.5,285.0,410.0,1
146.25,300.0,447.5,285.0,410.0,1
146.333,300.0,447.5,285.0,410.0,1
146.417,300.0,447.5,285.0,410.0,1
146.5,300.0,447.5,285.0,410.0,1
146.583,300.0,447.5,285.0,410.0,1
146.667,300.0,447.5,285.0,410.0,1
146.75,300.0,447.5,285.0,412.5,1
146.833,300.0,447.5,285.0,412.5,1
146.917,300.0,447.5,285.0,412.5,1
147.0,300.0,447.5,285.0,412.5,1
147.083,300.0,447.5,285.0,412.5,1
147.167,300.0,447.5,285.0,412.5,1
147.25,300.0,447.5,285.0,412.5,1
147.333,300.0,447.5,285.0,412.5,1
147.417,300.0,447.5,285.0,412.5,1
147.5,300.0,447.5,285.0,412.5,1
147.583,300.0,447.5,285.0,412.5,1
147.667,300.0,447.5,285.0,412.5,1
147.75,300.0,447.5,285.0,412.5,1
147.833,300.0,447.5,285.0,412.5,1
147.917,300.0,447.5,285.0,412.5,1
148.0,300.0,447.5,285.0,412.5,1
148.083,300.0,447.5,285.0,412.5,1
148.167,300.0,447.5,285.0,412.5,1
148.25,300.0,447.5,285.0,412.5,1
148.333,300.0,447.5,285.0,412.5,1
148.417,300.0,447.5,285.0,412.5,1
148.5,300.0,447.5,285.0,412.5,1
148.583,300.0,447.5,285.0,412.5,1
148.667,300.0,447.5,285.0,412.5,1
148.75,300.0,447.5,285.0,412.5,1
148.833,300.0,447.5,285.0,412.5,1
148.917,300.0,447.5,285.0,412.5,1
149.0,300.0,447.5,285.0,412.5,1
149.083,300.0,447.5,285.0,412.5,0
149.167,300.0,447.5,285.0,412.5,0
149.25,300.0,447.5,285.0,412.5,0
149.333,300.0,447.5,285.0,412.5,0
149.417,300.0,447.5,285.0,412.5,0
149.5,300.0,447.5,285.0,412.5,0
149.583,300.0,447.5,285.0,412.5,0
149.667,300.0,447.5,285.0,412.5,0
149.75,300.0,447.5,285.0,412.5,0
149.833,300.0,447.5,285.0,412.5,0
149.917,300.0,447.5,285.0,412.5,0
150.0,300.0,447.5,285.0,412.5,0
150.083,300.0,447.5,285.0,412.5,0
150.167,300.0,447.5,285.0,412.5,0
150.25,300.0,447.5,285.0,412.5,0
150.333,300.0,447.5,285.0,412.5,0
150.417,300.0,447.5,285.0,412.5,0
150.5,300.0,447.5,285.0,412.5,0
150.583,300.0,447.5,285.0,412.5,0
150.667,300.0,447.5,285.0,412.5,0
150.75,300.0,447.5,285.0,412.5,0
150.833,300.0,447.5,285.0,412.5,0
150.917,300.0,447.5,285.0,412.5,0
151.0,300.0,447.5,285.0,412.5,0
151.083,300.0,447.5,285.0,412.5,0
151.167,300.0,447.5,285.0,412.5,0
151.25,300.0,447.5,285.0,412.5,0
151.333,300.0,447.5,285.0,412.5,0
151.417,300.0,447.5,285.0,412.5,0
151.5,300.0,447.5,285.0,412.5,0
151.583,300.0,447.5,285.0,412.5,0
151.667,300.0,447.5,285.0,412.5,0
151.75,300.0,447.5,285.0,412.5,0
151.833,300.0,447.5,285.0,412.5,0
151.917,300.0,447.5,285.0,412.5,0
152.0,300.0,447.5,285.0,412.5,0
152.083,300.0,447.5,285.0,412.5,0
152.167,300.0,447.5,285.0,412.5,0
152.25,300.0,447.5,285.0,412.5,0
152.333,300.0,447.5,285.0,412.5,0
152.417,300.0,447.5,285.0,412.5,0
152.5,300.0,447.5,285.0,412.5,0
152.583,300.0,447.5,285.0,412.5,0
152.667,300.0,447.5,285.0,412.5,0
152.75,300.0,447.5,285.0,412.5,0
152.833,300.0,447.5,285.0,412.5,0
152.917,300.0,447.5,285.0,412.5,0
153.0,300.0,447.5,285.0,412.5,0
153.083,300.0,447.5,285.0,412.5,0
153.167,300.0,447.5,285.0,412.5,0
153.25,300.0,447.5,285.0,412.5,0
153.333,300.0,447.5,285.0,412.5,0
153.417,300.0,447.5,285.0,412.5,0
153.5,300.0,447.5,285.0,412.5,0
153.583,300.0,447.5,285.0,412.5,0
153.667,300.0,447.5,285.0,412.5,0
153.75,300.0,447.5,285.0,412.5,0
153.833,300.0,447.5,285.0,412.5,0
153.917,300.0,447.5,285.0,412.5,0
154.0,300.0,447.5,285.0,412.5,0
154.083,300.0,447.5,285.0,412.5,0
154.167,300.0,447.5,285.0,412.5,0
154.25,300.0,447.5,285.0,412.5,0
154.333,300.0,447.5,285.0,412.5,0
154.417,300.0,447.5,285.0,412.5,1
154.5,300.0,447.5,285.0,412.5,1
154.583,300.0,447.5,285.0,412.5,1
154.667,300.0,447.5,285.0,415.0,1
154.75,300.0,447.5,285.0,415.0,1
154.833,300.0,447.5,285.0,415.0,1
154.917,300.0,447.5,285.0,415.0,1
155.0,300.0,447.5,285.0,415.0,1
155.083,300.0,450.0,285.0,415.0,1
155.167,300.0,450.0,285.0,415.0,1
155.25,300.0,450.0,285.0,415.0,1
155.333,300.0,450.0,285.0,415.0,1
155.417,300.0,450.0,285.0,415.0,1
155.5,300.0,450.0,285.0,415.0,1
155.583,300.0,450.0,285.0,415.0,1
155.667,300.0,450.0,285.0,415.0,1
155.75,300.0,450.0,285.0,415.0,1
155.833,300.0,450.0,285.0,415.0,1
155.917,300.0,450.0,285.0,415.0,1
156.0,300.0,450.0,285.0,415.0,2
156.083,300.0,450.0,285.0,415.0,2
156.167,300.0,450.0,287.5,415.0,2
156.25,300.0,450.0,287.5,415.0,2
156.333,300.0,450.0,287.5,415.0,2
156.417,300.0,450.0,287.5,415.0,2
156.5,300.0,450.0,287.5,415.0,2
156.583,300.0,450.0,287.5,415.0,2
156.667,300.0,450.0,287.5,415.0,2
156.75,300.0,450.0,287.5,415.0,2
156.833,300.0,450.0,287.5,417.5,2
156.917,300.0,450.0,287.5,417.5,2
157.0,300.0,450.0,287.5,417.5,2
157.083,300.0,450.0,287.5,417.5,2
157.167,300.0,452.5,287.5,417.5,2
157.25,300.0,452.5,287.5,417.5,2
157.333,300.0,452.5,287.5,417.5,2
157.417,300.0,452.5,287.5,417.5,2
157.5,300.0,452.5,287.5,417.5,2
157.583,300.0,452.5,287.5,417.5,2
157.667,300.0,452.5,287.5,417.5,2
157.75,300.0,452.5,287.5,417.5,2
157.833,300.0,452.5,287.5,417.5,2
157.917,300.0,452.5,287.5,417.5,2
158.0,300.0,452.5,287.5,417.5,2
158.083,300.0,452.5,287.5,417.5,2
158.167,300.0,452.5,287.5,417.5,2
158.25,300.0,452.5,287.5,417.5,2
158.333,300.0,452.5,287.5,417.5,2
158.417,300.0,452.5,287.5,420.0,2
158.5,300.0,452.5,287.5,420.0,2
158.583,300.0,452.5,287.5,420.0,2
158.667,300.0,455.0,287.5,420.0,2
158.75,300.0,455.0,287.5,420.0,2
158.833,300.0,455.0,287.5,420.0,2
158.917,300.0,455.0,287.5,420.0,2
159.0,300.0,455.0,287.5,420.0,2
159.083,300.0,455.0,287.5,420.0,2
159.167,300.0,455.0,287.5,420.0,2
159.25,300.0,455.0,287.5,420.0,2
159.333,300.0,455.0,287.5,420.0,2
159.417,300.0,455.0,287.5,420.0,2
159.5,300.0,455.0,287.5,420.0,2
159.583,300.0,455.0,287.5,420.0,2
159.667,300.0,455.0,287.5,420.0,2
159.75,300.0,455.0,287.5,420.0,2
159.833,300.0,455.0,287.5,420.0,2
159.917,300.0,457.5,287.5,420.0,2
160.0,300.0,457.5,287.5,420.0,2
160.083,300.0,457.5,287.5,420.0,2
160.167,302.5,457.5,287.5,422.5,2
160.25,302.5,457.5,287.5,422.5,2
160.333,302.5,457.5,287.5,422.5,2
160.417,302.5,457.5,287.5,422.5,2
160.5,302.5,457.5,287.5,422.5,2
160.583,302.5,457.5,287.5,422.5,2
160.667,302.5,457.5,287.5,422.5,2
160.75,302.5,457.5,287.5,422.5,2
160.833,302.5,457.5,287.5,422.5,2
160.917,302.5,457.5,287.5,422.5,2
161.0,302.5,457.5,287.5,422.5,2
161.083,302.5,457.5,287.5,422.5,2
161.167,302.5,457.5,287.5,422.5,2
161.25,302.5,457.5,287.5,422.5,2
161.333,302.5,457.5,287.5,422.5,2
161.417,302.5,457.5,287.5,422.5,2
161.5,302.5,457.5,287.5,422.5,2
161.583,302.5,460.0,287.5,422.5,3
161.667,302.5,460.0,287.5,422.5,3
161.75,302.5,460.0,287.5,422.5,3
161.833,302.5,460.0,287.5,425.0,3
161.917,302.5,460.0,287.5,425.0,3
162.0,302.5,460.0,287.5,425.0,3
162.083,302.5,460.0,287.5,425.0,3
162.167,302.5,460.0,287.5,425.0,3
162.25,302.5,460.0,287.5,425.0,3
162.333,302.5,462.5,287.5,425.0,3
162.417,302.5,462.5,287.5,425.0,3
162.5,302.5,462.5,287.5,425.0,3
162.583,302.5,462.5,287.5,425.0,3
162.667,302.5,462.5,287.5,425.0,3
162.75,305.0,462.5,287.5,425.0,3
162.833,305.0,462.5,287.5,425.0,3
162.917,305.0,462.5,287.5,425.0,3
163.0,305.0,462.5,287.5,425.0,3
163.083,305.0,462.5,287.5,425.0,3
163.167,305.0,462.5,287.5,425.0,3
163.25,307.5,462.5,287.5,425.0,3
163.333,307.5,462.5,290.0,427.5,3
163.417,307.5,462.5,290.0,427.5,3
163.5,307.5,462.5,290.0,427.5,3
163.583,307.5,462.5,290.0,427.5,3
163.667,307.5,462.5,290.0,427.5,3
163.75,307.5,462.5,290.0,427.5,3
163.833,307.5,465.0,290.0,427.5,3
163.917,307.5,465.0,290.0,427.5,3
164.0,307.5,465.0,290.0,427.5,3
164.083,307.5,465.0,290.0,427.5,3
164.167,307.5,465.0,290.0,427.5,3
164.25,307.5,465.0,290.0,427.5,3
164.333,307.5,465.0,290.0,427.5,3
164.417,307.5,465.0,290.0,427.5,3
164.5,307.5,465.0,290.0,427.5,3
164.583,307.5,465.0,290.0,430.0,3
164.667,307.5,465.0,290.0,430.0,3
164.75,307.5,465.0,290.0,430.0,3
164.833,307.5,465.0,290.0,430.0,3
164.917,307.5,465.0,290.0,430.0,3
165.0,307.5,465.0,290.0,430.0,3
165.083,307.5,467.5,290.0,430.0,3
165.167,307.5,467.5,290.0,430.0,3
165.25,307.5,467.5,290.0,430.0,3
165.333,307.5,467.5,290.0,430.0,3
165.417,310.0,467.5,290.0,430.0,3
165.5,310.0,467.5,290.0,430.0,3
165.583,310.0,467.5,290.0,430.0,3
165.667,310.0,467.5,290.0,430.0,3
165.75,310.0,467.5,290.0,430.0,3
165.833,310.0,467.5,290.0,430.0,3
165.917,312.5,467.5,292.5,430.0,3
166.0,312.5,467.5,292.5,430.0,3
166.083,312.5,467.5,292.5,430.0,3
166.167,312.5,467.5,292.5,430.0,3
166.25,312.5,467.5,292.5,430.0,3
166.333,315.0,467.5,292.5,430.0,3
166.417,315.0,467.5,292.5,430.0,3
166.5,315.0,467.5,292.5,430.0,3
166.583,317.5,467.5,292.5,430.0,3
166.667,317.5,467.5,292.5,430.0,3
166.75,317.5,467.5,295.0,430.0,3
166.833,317.5,467.5,295.0,432.5,3
166.917,317.5,467.5,295.0,432.5,3
167.0,317.5,467.5,295.0,432.5,3
167.083,317.5,467.5,295.0,432.5,3
167.167,317.5,470.0,295.0,432.5,3
167.25,317.5,470.0,295.0,432.5,3
167.333,317.5,470.0,295.0,432.5,3
167.417,317.5,470.0,295.0,432.5,3
167.5,317.5,470.0,295.0,432.5,3
167.583,317.5,470.0,295.0,432.5,3
167.667,317.5,470.0,295.0,432.5,3
167.75,317.5,470.0,295.0,432.5,3
167.833,317.5,470.0,295.0,432.5,3
167.917,317.5,470.0,295.0,432.5,3
168.0,317.5,470.0,295.0,435.0,3
