time,A,B,P12,P23
0.0,0.0,0.0,0.0,0.0
0.017,0.0,0.0,0.0,0.0
0.033,0.0,0.0,0.0,0.0
0.05,0.0,0.0,0.0,0.0
0.067,0.0,0.0,0.0,0.0
0.083,0.0,0.0,0.0,0.0
0.1,0.0,0.0,0.0,0.0
0.117,0.0,0.0,0.0,0.0
0.133,0.0,0.0,0.0,0.0
0.15,0.0,0.0,0.0,0.0
0.167,0.0,0.0,0.0,0.0
0.183,0.0,0.0,0.15,0.0
0.2,0.0,0.0,1.65,0.0
0.217,0.0,0.0,3.15,0.0
0.233,0.0,0.0,4.65,0.0
0.25,0.0,0.0,6.15,0.0
0.267,0.0,0.0,7.65,0.0
0.283,0.0,0.0,9.15,1.0
0.3,0.0,0.0,10.65,2.5
0.317,0.0,0.0,12.15,4.0
0.333,0.0,0.0,13.65,5.5
0.35,0.0,0.0,15.15,7.0
0.367,0.0,0.0,16.65,8.5
0.383,0.0,0.0,18.15,10.0
0.4,0.7,0.0,19.65,11.5
0.417,2.2,0.0,21.15,13.0
0.433,3.7,0.0,22.65,14.5
0.45,5.2,0.0,24.15,16.0
0.467,6.7,0.05,25.65,17.5
0.483,8.2,1.55,27.15,19.0
0.5,9.7,3.05,28.65,20.5
0.517,10.725,4.55,30.15,22.0
0.533,12.225,6.05,31.65,23.5
0.55,13.725,7.55,33.15,25.0
0.567,15.225,9.05,34.65,26.5
0.583,16.725,9.925,36.15,28.0
0.6,18.225,10.85,37.65,29.5
0.617,19.725,12.35,39.15,31.0
0.633,21.225,13.85,40.65,32.5
0.65,22.725,15.35,42.15,34.0
0.667,24.225,16.85,43.65,35.5
0.683,25.725,18.35,45.15,37.0
0.7,27.225,19.85,46.65,38.5
0.717,28.725,21.35,48.15,40.0
0.733,29.825,22.85,49.65,41.5
0.75,29.825,24.35,51.15,43.0
0.767,29.825,25.85,52.65,44.5
0.783,29.825,27.35,54.15,46.0
0.8,29.825,28.85,55.65,47.5
0.817,29.825,30.35,57.15,49.0
0.833,29.825,31.85,58.65,49.75
0.85,29.825,33.35,60.15,49.75
0.867,29.825,34.85,61.65,49.75
0.883,29.825,36.35,63.15,49.75
0.9,31.15,37.85,64.65,49.75
0.917,32.65,39.35,66.15,51.175
0.933,34.15,39.775,67.65,52.675
0.95,35.65,39.775,69.15,54.175
0.967,37.15,39.775,70.65,55.675
0.983,38.65,39.775,72.15,57.175
1.0,40.15,40.475,73.65,58.675
1.017,41.65,41.975,75.15,60.175
1.033,43.15,43.475,76.65,61.675
1.05,44.65,44.975,78.15,63.175
1.067,46.15,46.475,79.65,64.675
1.083,47.65,47.975,81.15,66.175
1.1,49.15,49.475,82.65,67.675
1.117,49.725,50.975,84.15,69.175
1.133,49.725,52.475,85.65,70.675
1.15,49.725,53.975,87.15,72.175
1.167,49.725,55.475,88.65,73.675
1.183,49.725,56.975,90.15,75.175
1.2,49.725,58.475,91.65,76.675
1.217,49.725,59.675,93.15,78.175
1.233,49.725,59.675,94.65,79.6
1.25,49.85,59.675,96.15,79.6
1.267,51.35,59.675,97.65,81.05
1.283,52.85,59.75,99.15,82.55
1.3,54.35,61.25,99.5,84.05
1.317,55.85,62.75,99.5,85.55
1.333,57.35,64.25,99.5,87.05
1.35,58.85,65.75,99.5,88.55
1.367,60.35,67.25,99.5,89.55
1.383,61.85,68.75,100.15,89.55
1.4,63.35,69.625,101.65,89.55
1.417,64.85,69.625,103.15,89.55
1.433,66.35,69.625,104.65,90.05
1.45,67.85,70.725,106.15,91.55
1.467,69.35,72.225,107.65,93.05
1.483,70.85,73.725,109.15,94.55
1.5,72.35,75.225,110.65,96.05
1.517,73.85,76.725,112.15,97.55
1.533,75.35,78.225,113.65,99.05
1.55,76.85,79.725,115.15,99.5
1.567,78.35,81.225,116.65,99.5
1.583,79.575,82.725,118.15,99.575
1.6,79.575,84.225,119.65,101.075
1.617,79.575,85.725,121.15,102.575
1.633,79.925,87.225,122.65,104.075
1.65,81.425,88.725,124.15,105.575
1.667,82.925,89.525,125.65,107.075
1.683,84.425,90.475,127.15,108.575
1.7,85.925,91.975,128.65,109.45
1.717,87.425,93.475,129.875,110.225
1.733,88.925,94.975,131.375,111.725
1.75,89.525,96.475,132.875,113.225
1.767,89.825,97.975,134.375,114.725
1.783,91.325,99.475,135.875,116.225
1.8,92.825,100.1,137.375,117.725
1.817,94.325,101.6,138.875,119.225
1.833,95.825,103.1,139.3,120.725
1.85,97.325,104.6,139.3,122.225
1.867,98.825,106.1,140.025,123.725
1.883,99.475,107.6,141.525,125.225
1.9,99.475,109.1,143.025,126.725
1.917,99.475,109.425,144.525,128.225
1.933,100.875,110.7,146.025,129.35
1.95,102.375,112.2,147.525,129.35
1.967,103.875,113.7,149.025,130.6
1.983,105.375,115.2,149.25,132.1
2.0,106.875,116.7,149.25,133.6
2.017,108.375,118.2,149.25,135.1
2.033,109.875,119.375,149.25,136.6
2.05,111.375,120.225,149.25,138.1
2.067,112.875,121.725,150.375,139.3
2.083,114.375,123.225,151.875,139.3
2.1,115.875,124.725,153.375,139.3
2.117,117.375,126.225,154.875,139.3
2.133,118.875,127.725,156.375,139.3
2.15,120.375,129.225,157.875,139.3
2.167,121.875,129.325,159.375,139.3
2.183,123.375,129.325,160.875,139.3
2.2,124.875,129.325,162.375,139.3
2.217,126.375,129.325,163.875,139.3
2.233,127.875,129.325,165.375,139.3
2.25,129.325,129.325,166.875,139.3
2.267,129.325,129.325,168.375,139.3
2.283,130.175,129.325,169.15,140.425
2.3,131.675,129.325,169.475,141.925
2.317,133.175,129.325,170.975,143.425
2.333,134.675,129.325,172.475,144.925
2.35,136.175,129.325,173.975,146.425
2.367,137.675,130.425,175.475,147.925
2.383,139.175,131.925,176.975,149.425
2.4,140.675,133.425,178.475,150.925
2.417,142.175,134.925,179.975,152.425
2.433,143.675,136.425,181.475,153.925
2.45,145.175,137.925,182.975,155.425
2.467,146.675,139.325,184.475,156.925
2.483,148.175,140.825,185.975,158.425
2.5,149.225,142.325,187.475,159.925
2.517,149.225,143.825,188.975,161.425
2.533,150.675,145.325,189.05,162.925
2.55,152.175,146.825,189.05,164.425
2.567,153.675,148.325,189.175,165.925
2.583,155.175,149.225,190.675,167.425
2.6,156.675,150.2,192.175,168.925
2.617,158.175,151.7,193.675,169.15
2.633,159.675,153.2,195.175,169.15
2.65,161.175,154.7,196.675,169.15
2.667,162.675,156.2,198.175,169.15
2.683,164.175,157.7,199.675,169.15
2.7,165.675,159.175,201.175,169.4
2.717,167.175,159.175,202.675,170.9
2.733,168.675,159.175,204.175,172.4
2.75,170.175,159.175,205.675,173.9
2.767,171.675,159.175,207.175,175.4
2.783,173.175,159.175,208.675,176.9
2.8,174.675,159.725,208.95,178.4
2.817,176.175,161.225,208.95,179.9
2.833,177.675,162.725,209.65,181.4
2.85,179.175,164.225,211.15,182.9
2.867,180.675,165.725,212.65,184.4
2.883,182.175,167.225,214.15,185.9
2.9,183.675,168.725,215.65,187.4
2.917,185.175,170.225,217.15,188.9
2.933,186.675,171.725,218.65,189.05
2.95,188.175,173.225,220.15,189.85
2.967,189.025,174.725,221.65,191.35
2.983,189.025,176.225,223.15,192.85
3.0,189.025,177.725,224.65,194.35
3.017,189.025,179.075,226.15,195.85
3.033,189.025,179.075,227.65,197.35
3.05,189.025,179.075,229.15,198.85
3.067,189.025,180.5,230.65,200.35
3.083,189.025,182.0,232.15,201.85
3.1,189.025,183.5,233.65,203.35
3.117,189.025,185.0,235.15,204.85
3.133,190.25,186.5,236.65,206.35
3.15,191.75,188.0,238.15,207.85
3.167,193.25,189.5,238.8,209.35
3.183,194.75,191.0,238.8,210.85
3.2,196.25,192.5,238.8,212.35
3.217,197.75,194.0,238.8,213.85
3.233,199.25,195.5,238.8,215.35
3.25,200.75,197.0,238.8,216.85
3.267,202.25,198.5,240.15,218.35
3.283,203.75,200.0,241.65,218.9
3.3,205.25,201.5,243.15,218.9
3.317,206.75,203.0,244.65,218.9
3.333,208.25,204.5,246.15,218.9
3.35,208.925,206.0,247.65,218.9
3.367,208.925,207.5,249.15,218.9
3.383,208.925,208.925,250.65,218.9
3.4,208.925,208.925,252.15,218.9
3.417,208.925,208.925,253.65,220.35
3.433,208.925,208.925,255.15,221.85
3.45,208.925,208.925,256.65,223.35
3.467,208.925,208.925,258.15,224.85
3.483,209.75,208.925,259.65,226.35
3.5,211.25,209.45,261.15,227.85
3.517,212.75,210.95,262.65,229.35
3.533,214.25,212.45,264.15,230.85
3.55,215.75,213.95,265.65,232.35
3.567,217.25,215.45,267.15,233.85
3.583,218.75,216.95,268.65,235.35
3.6,220.25,218.45,270.15,236.85
3.617,221.75,219.65,271.65,238.35
3.633,223.25,221.15,273.15,238.775
3.65,224.75,222.65,274.65,238.775
3.667,226.25,224.15,276.15,238.775
3.683,227.75,225.65,277.65,238.775
3.7,229.25,227.15,278.6,238.775
3.717,230.75,228.65,278.6,238.775
3.733,232.25,228.825,278.6,238.775
3.75,233.75,228.825,279.625,238.775
3.767,235.25,228.825,281.125,238.775
3.783,236.75,228.825,282.625,239.95
3.8,238.25,228.825,284.125,241.45
3.817,239.75,228.825,285.625,242.95
3.833,241.25,228.825,287.125,244.45
3.85,242.75,228.825,288.55,245.95
3.867,244.25,229.05,289.7,247.45
3.883,245.75,230.55,291.2,248.95
3.9,247.25,232.05,292.7,250.45
3.917,248.725,233.55,294.2,251.95
3.933,248.725,235.05,295.7,253.45
3.95,248.725,236.55,297.2,254.95
3.967,248.725,238.05,298.5,256.45
3.983,249.325,239.55,299.75,257.95
4.0,250.825,241.05,301.25,259.45
4.017,252.325,242.55,302.75,260.95
4.033,253.825,244.05,304.25,262.45
4.05,255.325,245.55,305.75,263.95
4.067,256.825,247.05,307.25,265.45
4.083,258.325,248.55,308.75,266.95
4.1,259.825,250.05,310.25,268.45
4.117,261.325,251.55,311.75,268.625
4.133,262.825,253.05,313.25,268.625
4.15,264.325,254.55,314.75,268.625
4.167,265.825,256.05,316.25,268.625
4.183,267.325,257.55,317.75,268.625
4.2,268.825,258.675,318.4,268.625
4.217,270.325,258.675,319.0,268.625
4.233,271.825,258.675,320.5,268.625
4.25,273.325,258.675,322.0,270.075
4.267,274.825,258.675,323.5,271.575
4.283,276.325,258.675,325.0,273.075
4.3,277.825,258.675,326.5,274.575
4.317,279.325,258.675,328.0,276.075
4.333,280.825,259.275,328.35,277.575
4.35,282.325,260.775,328.35,279.075
4.367,283.825,262.275,329.825,280.575
4.383,285.325,263.775,331.325,282.075
4.4,286.825,265.275,332.825,283.575
4.417,288.325,266.775,334.325,285.075
4.433,288.525,268.275,335.825,286.575
4.45,288.525,269.775,337.325,288.075
4.467,288.525,271.275,338.825,289.575
4.483,288.525,272.775,340.325,291.075
4.5,288.725,274.275,341.825,292.575
4.517,290.225,275.775,343.325,294.075
4.533,291.725,277.275,344.825,295.575
4.55,293.225,278.575,346.325,297.075
4.567,294.725,278.575,347.825,298.475
4.583,296.225,278.575,348.225,299.65
4.6,297.725,278.575,348.65,301.15
4.617,299.225,278.575,350.15,302.65
4.633,300.725,279.525,351.65,304.15
4.65,302.225,281.025,353.15,305.65
4.667,303.725,282.525,354.65,307.15
4.683,305.225,284.025,356.15,308.425
4.7,306.725,285.525,357.65,308.425
4.717,308.225,287.025,359.15,308.425
4.733,309.725,288.525,360.65,308.425
4.75,311.225,290.025,362.15,308.425
4.767,312.725,291.525,363.65,308.475
4.783,314.225,293.025,365.15,309.975
4.8,315.725,294.525,366.65,311.475
4.817,317.225,296.025,368.125,312.975
4.833,318.725,297.525,368.125,314.475
4.85,320.225,298.475,368.125,315.975
4.867,321.725,298.8,368.125,317.475
4.883,323.225,300.3,369.35,318.375
4.9,324.725,301.8,370.85,319.0
4.917,326.225,303.3,372.35,320.5
4.933,327.725,304.8,373.85,322.0
4.95,328.325,306.3,375.35,323.5
4.967,328.325,307.8,376.85,325.0
4.983,328.325,308.425,378.35,326.5
5.0,328.325,309.7,379.85,328.0
5.017,328.325,311.2,381.35,329.5
5.033,328.325,312.7,382.85,331.0
5.05,328.325,314.2,384.35,332.5
5.067,328.325,315.7,385.85,334.0
5.083,329.625,317.2,387.35,335.5
5.1,331.125,318.375,388.85,337.0
5.117,332.625,318.575,390.35,338.5
5.133,334.125,320.075,391.85,340.0
5.15,335.625,321.575,393.35,341.5
5.167,337.125,323.075,394.85,343.0
5.183,338.625,324.575,396.35,344.5
5.2,340.125,326.075,397.85,346.0
5.217,341.625,327.575,399.35,347.5
5.233,343.125,329.075,400.85,348.225
5.25,344.625,330.575,402.35,348.225
5.267,346.125,332.075,403.85,348.225
5.283,347.625,333.575,405.35,348.225
5.3,349.125,335.075,406.85,348.225
5.317,350.625,336.575,407.925,348.225
5.333,352.125,338.075,407.925,348.225
5.35,353.625,338.275,409.275,348.225
5.367,355.125,338.275,410.775,348.375
5.383,356.625,338.275,412.275,349.875
5.4,358.125,338.275,413.775,351.375
5.417,359.625,338.275,415.275,352.875
5.433,361.125,338.275,416.775,354.375
5.45,362.625,338.275,417.875,355.875
5.467,364.125,339.675,417.875,357.375
5.483,365.625,341.175,418.45,358.875
5.5,367.125,342.675,419.95,360.375
5.517,368.125,344.175,421.45,361.875
5.533,368.125,345.675,422.95,363.375
5.55,368.125,347.175,424.45,364.875
5.567,368.125,348.225,425.95,366.375
5.583,368.125,348.925,427.45,367.875
5.6,368.475,350.425,428.95,369.375
5.617,369.975,351.925,430.45,370.875
5.633,371.475,353.425,431.95,372.375
5.65,372.975,354.925,433.45,373.875
5.667,374.475,356.425,434.95,375.375
5.683,375.975,357.925,436.45,376.875
5.7,377.475,358.175,437.95,378.075
5.717,378.975,358.175,439.45,378.075
5.733,380.475,358.7,440.95,378.45
5.75,381.975,360.2,442.45,379.95
5.767,383.475,361.7,443.95,381.45
5.783,384.975,363.2,445.45,382.95
5.8,386.475,364.7,446.95,384.45
5.817,387.975,366.2,447.725,385.95
5.833,389.475,367.7,447.725,387.45
5.85,390.975,369.2,447.725,388.95
5.867,392.475,370.7,447.725,390.45
5.883,393.975,372.2,447.725,391.95
5.9,395.475,373.7,447.725,393.45
5.917,396.975,375.2,447.725,394.95
5.933,397.975,376.7,448.8,396.45
5.95,397.975,378.2,450.3,397.95
5.967,397.975,379.7,451.8,399.45
5.983,397.975,381.2,453.3,400.95
6.0,397.975,382.7,454.8,402.45
6.017,397.975,384.2,456.3,403.95
6.033,397.975,385.7,457.8,405.45
6.05,397.975,387.2,459.3,406.95
6.067,399.4,388.525,460.8,407.925
6.083,400.9,390.025,462.3,408.9
6.1,402.4,391.525,463.8,410.4
6.117,403.9,393.025,465.3,411.9
6.133,405.4,394.525,466.8,413.4
6.15,406.9,396.025,468.3,414.9
6.167,408.4,397.525,469.8,416.4
6.183,409.9,397.975,471.3,417.9
6.2,411.4,397.975,472.8,419.4
6.217,412.9,397.975,474.3,420.9
6.233,414.4,397.975,475.8,422.4
6.25,415.9,398.6,477.3,423.9
6.267,417.4,400.1,477.575,425.4
6.283,418.9,401.6,478.35,426.9
6.3,420.4,403.1,479.85,428.4
6.317,421.9,404.6,481.35,429.9
6.333,423.4,406.1,482.85,431.4
6.35,424.9,407.6,484.35,432.9
6.367,426.4,409.1,485.85,434.4
6.383,427.825,410.6,487.35,435.9
6.4,427.825,412.1,488.85,437.4
6.417,427.825,413.6,490.35,438.9
6.433,427.825,415.1,491.85,440.4
6.45,427.825,416.6,493.35,441.9
6.467,427.825,418.1,494.85,443.4
6.483,428.2,419.6,496.35,444.9
6.5,429.7,421.1,497.85,446.4
6.517,431.2,422.6,499.35,447.725
6.533,432.7,424.1,500.85,447.725
6.55,434.2,425.6,502.35,447.725
6.567,435.7,427.1,503.85,447.725
6.583,437.2,428.6,505.35,448.575
6.6,438.7,430.1,506.85,450.075
6.617,440.2,431.6,507.425,451.575
6.633,441.7,433.1,507.425,453.075
6.65,443.2,434.6,507.425,454.575
6.667,444.7,436.1,507.425,456.075
6.683,446.2,437.6,507.425,457.575
6.7,447.7,439.1,507.425,457.675
6.717,449.2,440.6,507.425,457.675
6.733,450.7,442.1,508.675,457.675
6.75,452.2,443.6,510.175,457.675
6.767,453.7,445.1,511.675,457.675
6.783,455.2,446.6,513.175,457.675
6.8,456.7,447.725,514.675,457.725
6.817,457.675,447.725,516.175,459.225
6.833,458.225,447.725,517.675,460.725
6.85,459.725,447.725,519.175,462.225
6.867,461.225,447.725,520.675,463.725
6.883,462.725,447.725,522.175,465.225
6.9,464.225,448.425,523.675,466.725
6.917,465.725,449.925,525.175,468.225
6.933,467.225,451.425,526.675,469.725
6.95,468.725,452.925,528.175,471.225
6.967,470.225,454.425,529.675,472.725
6.983,471.725,455.925,531.175,474.225
7.0,473.225,457.425,532.675,475.725
7.017,474.725,458.625,534.175,477.225
7.033,476.225,460.125,535.675,478.725
7.05,477.575,461.625,537.175,480.225
7.067,477.575,463.125,538.675,481.725
7.083,477.575,464.625,540.175,483.225
7.1,477.575,466.125,541.675,484.725
7.117,477.575,467.625,543.175,486.225
7.133,477.575,468.55,544.675,487.525
7.15,477.65,470.05,546.175,488.95
7.167,479.15,471.55,547.225,490.45
7.183,480.65,473.05,547.225,491.95
7.2,482.15,474.55,547.225,493.45
7.217,483.65,476.05,547.325,494.95
7.233,485.15,477.55,548.825,496.45
7.25,486.65,477.575,550.325,497.475
7.267,488.15,477.575,551.825,498.475
7.283,489.65,477.575,553.325,499.975
7.3,491.15,477.575,554.825,501.475
7.317,492.65,477.575,556.325,502.975
7.333,494.15,477.575,557.825,504.475
7.35,495.65,478.725,559.325,505.975
7.367,497.15,480.225,560.825,507.425
7.383,498.65,481.725,562.325,507.425
7.4,500.15,483.225,563.825,507.425
7.417,501.65,484.725,565.325,507.425
7.433,503.15,486.225,566.825,508.225
7.45,504.65,487.725,568.325,509.725
7.467,506.15,489.225,569.825,511.225
7.483,507.65,490.725,571.325,512.725
7.5,509.15,492.225,572.825,514.225
7.517,510.65,493.725,574.325,515.725
7.533,512.15,495.225,575.825,517.225
7.55,513.65,496.725,577.325,518.725
7.567,515.15,498.225,578.825,520.225
7.583,516.65,499.725,580.325,521.725
7.6,517.375,501.225,581.825,523.225
7.617,517.375,502.725,583.325,524.725
7.633,517.375,504.225,584.825,526.225
7.65,517.375,505.725,586.325,527.725
7.667,518.65,507.225,587.025,529.225
7.683,520.15,508.725,587.025,530.725
7.7,521.65,510.225,587.025,532.225
7.717,523.15,511.725,587.025,533.725
7.733,524.65,513.225,587.025,535.225
7.75,526.15,514.725,588.475,536.725
7.767,527.65,516.225,589.975,537.275
7.783,529.15,517.725,591.475,537.275
7.8,530.65,519.225,592.975,537.275
7.817,532.15,520.725,594.475,537.275
7.833,533.65,522.225,595.975,537.275
7.85,535.15,523.725,597.475,537.275
7.867,536.65,525.225,598.975,537.275
7.883,538.15,526.725,600.475,537.275
7.9,539.65,527.325,601.975,537.275
7.917,541.15,527.325,603.475,537.275
7.933,542.65,527.325,604.975,537.275
7.95,544.15,527.325,606.475,538.025
7.967,545.65,527.325,607.975,539.525
7.983,547.15,527.325,609.475,541.025
8.0,548.65,527.325,610.975,542.525
8.017,550.15,527.325,612.475,544.025
8.033,551.65,527.325,613.975,545.525
8.05,553.15,528.275,615.475,547.025
8.067,554.65,529.775,616.875,548.525
8.083,556.15,531.275,616.875,550.025
8.1,557.175,532.775,616.875,551.525
8.117,557.175,534.275,616.875,553.025
8.133,557.175,535.775,617.175,554.525
8.15,557.175,537.275,618.675,556.025
8.167,557.175,538.55,620.175,557.525
8.183,557.175,540.05,621.675,559.025
8.2,557.175,541.55,623.175,560.525
8.217,557.175,543.05,624.675,562.025
8.233,557.175,544.55,626.175,563.525
8.25,557.175,546.05,627.675,565.025
8.267,557.575,547.25,629.175,566.525
8.283,559.075,548.75,630.675,568.025
8.3,560.575,550.25,632.175,569.525
8.317,562.075,551.75,633.675,571.025
8.333,563.575,553.25,635.175,572.525
8.35,565.075,554.75,636.675,574.025
8.367,566.575,556.25,636.775,575.525
8.383,568.075,557.75,638.025,577.025
8.4,569.575,559.25,639.525,578.525
8.417,571.075,560.75,641.025,580.025
8.433,572.575,562.25,642.525,581.525
8.45,574.075,563.75,644.025,583.025
8.467,575.575,565.25,645.525,584.525
8.483,577.075,566.75,646.725,586.025
8.5,578.575,567.85,646.725,587.025
8.517,580.075,569.35,647.225,587.025
8.533,581.575,570.85,648.725,587.025
8.55,583.075,572.35,650.225,587.025
8.567,584.575,573.85,651.725,587.025
8.583,586.075,575.35,653.225,587.35
8.6,587.175,576.85,654.725,588.85
8.617,588.675,577.075,656.225,590.35
8.633,590.175,577.075,656.75,591.85
8.65,591.675,577.075,658.25,593.35
8.667,593.175,577.075,659.75,594.85
8.683,594.675,577.1,661.25,596.35
8.7,596.175,578.6,662.75,597.85
8.717,596.975,580.1,664.25,599.35
8.733,598.025,581.6,665.75,600.85
8.75,599.525,583.1,667.25,602.35
8.767,601.025,584.6,668.75,603.85
8.783,602.525,586.1,670.25,605.35
8.8,604.025,587.6,671.75,606.85
8.817,605.525,589.1,673.25,606.925
8.833,606.925,590.6,674.75,606.925
8.85,607.175,592.1,676.25,606.925
8.867,608.675,593.6,677.75,606.925
8.883,610.175,595.1,679.25,606.925
8.9,611.675,596.6,680.75,606.925
8.917,613.175,596.975,682.25,606.925
8.933,614.675,596.975,683.75,608.075
8.95,616.175,596.975,685.25,609.575
8.967,617.675,596.975,686.525,611.075
8.983,619.175,596.975,686.525,612.575
9.0,620.675,596.975,686.525,614.075
9.017,622.175,596.975,686.525,615.575
9.033,623.675,598.175,687.725,616.875
9.05,625.175,599.675,689.225,616.875
9.067,626.675,601.175,690.725,617.425
9.083,628.175,602.675,692.225,618.925
9.1,629.675,604.175,693.725,620.425
9.117,631.175,605.675,695.225,621.925
9.133,632.675,606.925,696.475,623.425
9.15,634.175,606.925,697.35,624.925
9.167,635.675,607.5,698.85,626.425
9.183,637.175,609.0,700.35,626.825
9.2,638.675,610.5,701.85,626.825
9.217,640.175,612.0,703.35,626.825
9.233,641.675,613.5,704.85,627.575
9.25,643.175,615.0,706.35,629.075
9.267,644.675,616.5,707.85,630.575
9.283,646.175,616.875,709.35,632.075
9.3,646.725,616.875,710.85,633.575
9.317,646.725,616.875,712.35,635.075
9.333,646.725,617.775,713.85,636.575
9.35,646.725,619.275,715.35,636.95
9.367,647.875,620.775,716.375,638.45
9.383,649.375,622.275,716.375,639.95
9.4,650.875,623.775,716.375,641.45
9.417,652.375,625.275,716.375,642.95
9.433,653.875,626.775,717.425,644.45
9.45,655.375,626.825,718.925,645.95
9.467,656.875,627.9,720.425,647.45
9.483,658.375,629.4,721.925,648.95
9.5,659.875,630.9,723.425,650.45
9.517,661.375,632.4,724.925,651.95
9.533,662.875,633.9,726.425,653.45
9.55,664.375,635.4,727.925,654.95
9.567,665.875,636.775,729.425,656.45
9.583,666.625,638.225,730.925,656.675
9.6,666.625,639.725,732.425,656.675
9.617,666.625,641.225,733.925,656.675
9.633,667.6,642.725,735.425,656.675
9.65,669.1,644.225,736.275,656.675
9.667,670.6,645.725,737.675,657.725
9.683,672.1,646.725,739.175,659.225
9.7,673.6,646.725,740.675,660.725
9.717,675.1,646.725,742.175,662.225
9.733,676.6,646.725,743.675,663.725
9.75,678.1,646.725,745.175,665.225
9.767,679.6,647.475,746.225,666.725
9.783,681.1,648.975,746.225,668.225
9.8,682.6,650.475,746.225,669.725
9.817,684.1,651.975,746.675,671.225
9.833,685.6,653.475,748.175,672.725
9.85,686.525,654.975,749.675,674.225
9.867,686.525,656.475,751.175,675.725
9.883,687.7,657.975,752.675,676.575
9.9,689.2,659.475,754.175,676.575
9.917,690.7,660.975,755.675,677.925
9.933,692.2,662.475,756.175,679.425
9.95,693.7,663.975,756.175,680.925
9.967,695.2,665.475,757.425,682.425
9.983,696.475,666.625,758.925,683.925
10.0,696.475,666.625,760.425,685.425
10.017,696.475,666.625,761.925,686.525
10.033,697.775,666.625,763.425,686.525
10.05,699.275,666.625,764.925,687.875
10.067,700.775,666.625,766.425,689.375
10.083,702.275,667.375,767.925,690.875
10.1,703.775,668.875,769.425,692.375
10.117,705.275,670.375,770.925,693.875
10.133,706.775,671.875,772.425,695.375
10.15,708.275,673.375,773.925,696.475
10.167,709.775,674.875,775.425,696.475
10.183,711.275,676.375,776.075,696.475
10.2,712.775,676.575,776.075,696.475
10.217,714.275,677.05,777.5,696.475
10.233,715.775,678.55,779.0,697.475
10.25,717.275,680.05,780.5,698.975
10.267,718.775,681.55,782.0,700.475
10.283,720.275,683.05,783.5,701.975
10.3,721.775,684.55,785.0,703.475
10.317,723.275,686.05,786.5,704.975
10.333,724.775,687.55,788.0,706.425
10.35,726.275,689.05,789.5,706.425
10.367,726.325,690.55,791.0,707.225
10.383,726.325,692.05,792.5,708.725
10.4,726.325,693.55,794.0,710.225
10.417,726.325,695.05,795.5,711.725
10.433,726.95,696.475,795.975,713.225
10.45,728.45,696.475,795.975,714.725
10.467,729.95,697.0,796.875,716.225
10.483,731.45,698.5,798.375,717.725
10.5,732.95,700.0,799.875,719.225
10.517,734.45,701.5,801.375,720.725
10.533,735.95,703.0,802.875,722.225
10.55,737.45,704.5,804.375,723.725
10.567,738.95,706.0,805.875,725.225
10.583,740.45,707.425,807.375,726.325
10.6,741.95,708.925,808.875,726.325
10.617,743.45,710.425,810.375,726.325
10.633,744.95,711.925,811.875,726.325
10.65,746.225,713.425,813.375,726.325
10.667,746.225,714.925,814.875,726.325
10.683,746.45,716.375,815.875,727.775
10.7,747.95,716.375,815.875,729.275
10.717,749.45,716.375,816.8,730.775
10.733,750.95,716.375,818.3,732.275
10.75,752.45,716.375,819.8,733.775
10.767,753.95,716.375,821.3,735.275
10.783,755.45,717.25,822.8,736.775
10.8,756.95,718.75,824.3,738.275
10.817,758.45,720.25,825.8,739.775
10.833,759.95,721.75,827.3,741.275
10.85,761.45,723.25,828.8,742.775
10.867,762.95,724.75,830.3,744.275
10.883,764.45,726.25,831.8,745.775
10.9,765.95,727.375,833.3,746.225
10.917,766.125,728.875,834.8,746.225
10.933,766.125,730.375,836.225,746.65
10.95,766.125,731.875,837.725,748.15
10.967,766.125,733.375,839.225,749.65
10.983,766.125,734.875,840.725,751.15
11.0,766.125,736.275,842.225,752.65
11.017,766.2,736.275,843.725,754.15
11.033,767.7,736.275,845.225,755.65
11.05,769.2,737.675,845.725,757.15
11.067,770.7,739.175,845.925,758.65
11.083,772.2,740.675,847.425,760.15
11.1,773.7,742.175,848.925,761.65
11.117,775.2,743.675,850.425,763.15
11.133,776.7,745.175,851.925,764.65
11.15,778.2,746.35,853.425,766.15
11.167,779.7,747.85,854.925,767.65
11.183,781.2,749.35,855.675,769.15
11.2,782.7,750.85,855.675,770.65
11.217,784.2,752.35,855.675,772.15
11.233,785.7,753.85,855.675,773.65
11.25,787.2,755.35,855.675,775.15
11.267,788.7,756.825,855.675,776.075
11.283,790.2,758.325,855.85,776.65
11.3,791.7,759.825,857.35,778.15
11.317,793.2,761.325,858.85,779.65
11.333,794.7,762.825,860.35,781.15
11.35,795.975,764.325,861.85,782.65
11.367,795.975,765.825,863.35,784.15
11.383,795.975,766.5,864.85,785.65
11.4,795.975,768.0,865.625,786.025
11.417,795.975,769.5,866.5,786.025
11.433,795.975,771.0,868.0,786.725
11.45,795.975,772.5,869.5,788.225
11.467,795.975,774.0,871.0,789.725
11.483,795.975,775.5,872.5,791.225
11.5,796.8,776.075,874.0,792.725
11.517,798.3,776.075,875.5,794.225
11.533,799.8,777.175,875.575,795.725
11.55,801.3,778.675,875.575,797.225
11.567,802.8,780.175,875.575,798.725
11.583,804.3,781.675,875.575,800.225
11.6,805.8,783.175,875.575,801.725
11.617,807.3,784.675,877.025,803.225
11.633,808.8,786.025,878.525,804.725
11.65,810.3,787.275,880.025,805.925
11.667,811.8,788.775,881.525,805.925
11.683,813.3,790.275,883.025,805.925
11.7,814.8,791.775,884.525,805.925
11.717,816.3,793.275,885.525,805.925
11.733,817.8,794.775,886.525,805.925
11.75,819.3,795.975,888.025,805.925
11.767,820.8,795.975,889.525,805.925
11.783,822.3,795.975,891.025,805.925
11.8,823.8,795.975,892.525,806.8
11.817,825.3,795.975,894.025,808.3
11.833,826.8,795.975,895.525,809.8
11.85,828.3,795.975,897.025,811.3
11.867,829.8,795.975,898.525,812.8
11.883,831.3,795.975,900.025,814.3
11.9,832.8,795.975,901.525,815.8
11.917,834.3,796.425,903.025,817.3
11.933,835.775,797.925,904.525,818.8
11.95,835.775,799.425,906.025,820.3
11.967,835.775,800.925,907.525,821.8
11.983,835.775,802.425,909.025,823.3
12.0,835.775,803.925,910.525,824.8
12.017,835.775,805.425,912.025,826.3
12.033,835.775,806.925,913.525,827.8
12.05,835.775,808.425,915.025,829.3
12.067,835.775,809.925,916.525,830.8
12.083,835.775,811.425,918.025,832.3
12.1,835.775,812.925,919.525,833.8
12.117,835.775,814.425,921.025,835.3
12.133,836.425,815.925,922.525,836.8
12.15,837.925,817.425,924.025,838.3
12.167,839.425,818.925,925.325,839.8
12.183,840.925,820.425,925.325,841.3
12.2,842.425,821.925,925.325,842.8
12.217,843.925,823.425,925.325,844.3
12.233,845.425,824.925,925.325,845.8
12.25,846.925,826.425,926.375,847.3
12.267,848.425,827.925,927.875,848.8
12.283,849.925,829.425,929.375,850.3
12.3,851.425,830.925,930.875,851.8
12.317,852.925,832.425,932.375,853.3
12.333,854.425,833.925,933.875,854.8
12.35,855.675,835.425,935.375,855.675
12.367,856.575,836.925,936.875,855.675
12.383,858.075,838.425,938.375,855.675
12.4,859.575,839.925,939.875,855.675
12.417,861.075,841.425,941.375,855.675
12.433,862.575,842.925,942.875,855.675
12.45,864.075,844.425,944.375,855.775
12.467,865.575,845.725,945.875,857.275
12.483,865.625,845.725,947.375,858.775
12.5,865.625,845.725,948.875,860.275
12.517,865.625,845.725,950.375,861.775
12.533,865.625,845.725,951.875,863.275
12.55,865.625,845.8,953.375,864.775
12.567,866.475,847.3,954.875,866.275
12.583,867.975,848.8,955.175,867.775
12.6,869.475,850.3,955.175,869.275
12.617,870.975,851.8,955.175,870.775
12.633,872.475,853.3,955.175,872.275
12.65,873.975,854.8,955.525,873.775
12.667,875.475,856.0,957.025,875.275
12.683,876.975,857.5,958.525,875.575
12.7,878.475,859.0,960.025,875.575
12.717,879.975,860.5,961.525,875.575
12.733,881.475,862.0,963.025,875.575
12.75,882.975,863.5,964.525,875.575
12.767,884.475,865.0,966.025,875.575
12.783,885.525,865.625,967.525,875.575
12.8,885.525,865.625,969.025,875.575
12.817,885.525,865.625,970.525,875.575
12.833,885.525,865.625,972.025,875.575
12.85,885.95,865.625,973.525,876.15
12.867,887.45,865.625,975.025,877.65
12.883,888.95,865.625,975.5,879.15
12.9,890.45,865.625,977.0,880.65
12.917,891.95,865.625,978.5,882.15
12.933,893.45,865.625,980.0,883.65
12.95,894.95,865.625,981.5,885.15
12.967,895.475,866.3,983.0,886.65
12.983,895.475,867.8,984.5,888.15
13.0,896.975,869.3,985.025,889.65
13.017,898.475,870.8,985.025,891.15
13.033,899.975,872.3,985.025,892.65
13.05,901.475,873.8,985.025,894.15
13.067,902.975,875.3,985.025,895.65
13.083,904.475,876.8,985.025,897.15
13.1,905.975,878.3,985.025,898.65
13.117,907.475,879.8,985.025,900.15
13.133,908.975,881.3,985.025,901.65
13.15,910.475,882.8,985.85,903.15
13.167,911.975,884.3,987.35,904.65
13.183,913.475,885.55,988.85,905.425
13.2,914.975,887.05,990.35,905.425
13.217,915.375,888.55,991.85,905.425
13.233,915.375,890.05,993.35,905.425
13.25,915.375,891.55,994.85,905.425
13.267,915.375,893.05,996.35,905.425
13.283,915.375,894.55,997.85,905.425
13.3,915.375,895.475,999.35,905.425
13.317,915.775,895.475,1000.85,906.475
13.333,917.275,895.475,1002.35,907.975
13.35,918.775,895.475,1003.85,909.475
13.367,920.275,895.475,1004.925,910.975
13.383,921.775,895.475,1004.925,912.475
13.4,923.275,895.475,1004.925,913.975
13.417,924.775,896.65,1005.475,915.475
13.433,926.275,898.15,1006.975,916.975
13.45,927.775,899.65,1008.475,918.475
13.467,929.275,901.15,1009.975,919.975
13.483,930.775,902.65,1011.475,921.475
13.5,932.275,904.15,1012.975,922.975
13.517,933.775,905.425,1014.475,924.475
13.533,935.275,905.95,1014.875,925.325
13.55,936.775,907.45,1014.875,925.325
13.567,938.275,908.95,1014.875,925.325
13.583,939.775,910.45,1014.875,925.325
13.6,941.275,911.95,1015.725,925.325
13.617,942.775,913.45,1017.225,925.325
13.633,944.275,914.95,1018.725,926.625
13.65,945.225,915.375,1020.225,928.125
13.667,945.4,915.375,1021.725,929.625
13.683,946.9,915.375,1023.225,931.125
13.7,948.4,915.375,1024.725,932.625
13.717,949.9,915.375,1024.825,934.125
13.733,951.4,916.075,1024.825,935.625
13.75,952.9,917.575,1024.825,937.125
13.767,954.4,919.075,1024.825,938.625
13.783,955.175,920.575,1024.825,940.125
13.8,955.175,922.075,1024.825,941.625
13.817,956.65,923.575,1024.825,943.125
13.833,958.15,925.075,1024.825,944.625
13.85,959.65,926.1,1024.825,945.225
13.867,961.15,927.6,1024.825,945.225
13.883,962.65,929.1,1025.675,946.675
13.9,964.15,930.6,1027.175,948.175
13.917,965.125,932.1,1028.675,949.675
13.933,965.125,933.6,1030.175,951.175
13.95,965.125,935.1,1031.675,952.675
13.967,965.125,935.275,1033.175,954.175
13.983,965.125,935.55,1034.675,955.675
14.0,965.125,937.05,1034.775,957.175
14.017,965.125,938.55,1034.775,958.675
14.033,965.125,940.05,1034.775,960.175
14.05,965.125,941.55,1034.775,961.675
14.067,965.125,943.05,1034.775,963.175
14.083,965.125,944.55,1035.625,964.675
14.1,965.65,945.75,1037.125,965.125
14.117,967.15,947.25,1038.625,965.125
14.133,968.65,948.75,1040.125,966.35
14.15,970.15,950.25,1041.625,967.85
14.167,971.65,951.75,1043.125,969.35
14.183,973.15,953.25,1044.625,970.85
14.2,974.65,954.75,1044.725,972.35
14.217,976.15,955.175,1044.725,973.85
14.233,977.65,956.025,1044.725,975.075
14.25,979.15,957.525,1044.725,975.075
14.267,980.65,959.025,1044.725,975.075
14.283,982.15,960.525,1044.725,975.675
14.3,983.65,962.025,1044.725,977.175
14.317,985.025,963.525,1044.725,978.675
14.333,985.025,965.025,1045.425,980.175
14.35,985.025,965.125,1046.925,981.675
14.367,985.025,965.125,1048.425,983.175
14.383,985.025,965.125,1049.925,984.675
14.4,985.025,966.1,1051.425,985.025
14.417,985.025,967.6,1052.925,985.025
14.433,985.025,969.1,1054.425,985.025
14.45,985.025,970.6,1055.925,985.025
14.467,985.025,972.1,1057.425,985.025
14.483,985.025,973.6,1058.925,985.025
14.5,985.875,975.075,1060.425,985.025
14.517,987.375,975.075,1061.925,985.025
14.533,988.875,975.075,1063.425,985.025
14.55,990.375,975.075,1064.625,986.075
14.567,991.875,975.075,1064.625,987.575
14.583,993.375,975.075,1064.625,989.075
14.6,994.875,975.075,1064.625,990.575
14.617,996.375,975.075,1064.625,992.075
14.633,997.875,975.075,1064.625,993.575
14.65,999.375,975.275,1064.625,994.975
14.667,1000.875,976.775,1064.625,994.975
14.683,1002.375,978.275,1064.625,994.975
14.7,1003.875,979.775,1064.625,994.975
14.717,1005.375,981.275,1064.625,994.975
14.733,1006.875,982.775,1064.625,994.975
14.75,1008.375,984.275,1064.625,994.975
14.767,1009.875,985.025,1065.3,994.975
14.783,1011.375,985.025,1066.8,994.975
14.8,1012.875,985.025,1068.3,994.975
14.817,1014.375,985.025,1069.8,994.975
14.833,1014.875,985.025,1071.3,995.375
14.85,1014.875,985.025,1072.8,996.875
14.867,1014.875,985.025,1074.3,998.375
14.883,1014.875,985.025,1075.05,999.875
14.9,1014.875,985.025,1076.55,1001.375
14.917,1014.875,985.025,1078.05,1002.875
14.933,1014.875,985.05,1079.55,1004.375
14.95,1014.875,986.55,1081.05,1005.875
14.967,1014.875,988.05,1082.55,1007.375
14.983,1016.125,989.55,1084.05,1008.875
15.0,1017.625,991.05,1084.525,1010.375
15.017,1019.125,992.55,1084.525,1011.875
15.033,1020.625,994.05,1084.525,1013.375
15.05,1022.125,995.4,1084.525,1014.875
15.067,1023.625,996.9,1084.525,1016.375
15.083,1024.825,998.4,1084.525,1017.875
15.1,1026.175,999.9,1084.525,1019.375
15.117,1027.675,1001.4,1084.525,1020.875
15.133,1029.175,1002.9,1084.525,1022.375
15.15,1030.675,1004.4,1084.525,1023.875
15.167,1032.175,1004.925,1085.625,1024.825
15.183,1033.675,1006.4,1087.125,1024.825
15.2,1034.775,1007.9,1088.625,1024.825
15.217,1034.775,1009.4,1090.125,1024.825
15.233,1034.775,1010.9,1091.625,1024.825
15.25,1034.775,1012.4,1093.125,1024.825
15.267,1034.775,1013.9,1094.475,1024.825
15.283,1034.775,1014.875,1094.475,1024.825
15.3,1034.775,1014.875,1094.875,1025.925
15.317,1034.775,1014.875,1096.375,1027.425
15.333,1034.775,1014.875,1097.875,1028.925
15.35,1034.775,1014.875,1099.375,1030.425
15.367,1035.175,1014.875,1100.875,1031.925
15.383,1036.675,1014.875,1102.375,1033.425
15.4,1038.175,1015.875,1103.875,1034.925
15.417,1039.675,1017.375,1104.425,1036.425
15.433,1041.175,1018.875,1104.425,1037.925
15.45,1042.675,1020.375,1104.425,1039.425
15.467,1044.175,1021.875,1104.425,1040.925
15.483,1044.725,1023.375,1104.425,1042.425
15.5,1044.975,1024.825,1104.425,1043.925
15.517,1046.475,1025.225,1104.425,1045.1
15.533,1047.975,1026.725,1104.425,1046.6
15.55,1049.475,1028.225,1104.425,1048.1
15.567,1050.975,1029.725,1104.425,1049.6
15.583,1052.475,1031.225,1104.425,1051.1
15.6,1053.975,1032.725,1104.425,1052.6
15.617,1054.675,1034.225,1104.425,1054.1
15.633,1054.675,1035.475,1104.425,1054.675
15.65,1054.675,1036.975,1105.025,1054.675
15.667,1054.675,1038.475,1106.525,1054.675
15.683,1054.675,1039.975,1108.025,1054.675
15.7,1054.675,1041.475,1109.525,1055.1
15.717,1054.675,1042.975,1111.025,1056.6
15.733,1054.675,1044.475,1112.525,1058.1
15.75,1054.675,1044.725,1114.025,1059.6
15.767,1054.675,1044.725,1114.375,1061.1
15.783,1054.675,1044.725,1114.375,1062.6
15.8,1054.675,1044.725,1114.95,1064.1
15.817,1054.675,1045.925,1116.45,1064.625
15.833,1054.675,1047.425,1117.95,1064.625
15.85,1054.675,1048.925,1119.45,1064.625
15.867,1055.525,1050.425,1120.95,1065.625
15.883,1057.025,1051.925,1122.45,1067.125
15.9,1058.525,1053.425,1123.95,1068.625
15.917,1060.025,1054.675,1124.325,1070.125
15.933,1061.525,1054.675,1124.325,1071.625
15.95,1063.025,1054.675,1124.325,1073.125
15.967,1064.525,1054.675,1124.325,1074.575
15.983,1066.025,1056.1,1124.325,1074.575
16.0,1067.525,1057.6,1124.325,1074.575
16.017,1069.025,1059.1,1124.325,1074.575
16.033,1070.525,1060.6,1124.325,1074.575
16.05,1072.025,1062.1,1124.325,1074.575
16.067,1073.525,1063.6,1124.325,1074.575
16.083,1075.025,1064.625,1124.325,1074.575
16.1,1076.525,1064.625,1124.325,1074.575
16.117,1078.025,1064.625,1124.325,1074.575
16.133,1079.525,1064.625,1124.325,1074.575
16.15,1081.025,1064.625,1124.325,1074.575
16.167,1082.525,1064.625,1124.325,1074.575
16.183,1084.025,1064.625,1125.8,1075.425
16.2,1084.525,1064.625,1127.3,1076.925
16.217,1084.525,1064.625,1128.8,1078.425
16.233,1084.525,1064.625,1130.3,1079.925
16.25,1084.525,1064.625,1131.8,1081.425
16.267,1084.525,1064.625,1133.3,1082.925
16.283,1084.525,1064.975,1134.55,1084.425
16.3,1085.1,1066.475,1136.05,1085.925
16.317,1086.6,1067.975,1137.55,1087.425
16.333,1088.1,1069.475,1139.05,1088.925
16.35,1089.6,1070.975,1140.55,1090.425
16.367,1091.1,1072.475,1142.05,1091.925
16.383,1092.6,1073.975,1143.55,1093.425
16.4,1094.1,1074.575,1144.225,1094.475
16.417,1095.6,1075.775,1144.225,1094.475
16.433,1097.1,1077.275,1144.225,1094.475
16.45,1098.6,1078.775,1144.225,1094.475
16.467,1100.1,1080.275,1144.225,1094.475
16.483,1101.6,1081.775,1144.225,1094.475
16.5,1103.1,1083.275,1144.225,1094.475
16.517,1104.6,1084.525,1144.225,1094.475
16.533,1106.1,1084.525,1144.225,1094.475
16.55,1107.6,1084.525,1144.225,1094.475
16.567,1109.1,1084.525,1144.225,1094.475
16.583,1110.6,1084.525,1144.225,1094.475
16.6,1112.1,1084.525,1144.225,1094.475
16.617,1113.6,1084.525,1144.225,1095.05
16.633,1114.375,1084.525,1144.225,1096.55
16.65,1114.375,1084.525,1145.65,1098.05
16.667,1114.375,1084.525,1147.15,1099.55
16.683,1114.375,1084.525,1148.65,1101.05
16.7,1114.375,1084.525,1150.15,1102.55
16.717,1114.375,1084.525,1151.65,1104.05
16.733,1114.375,1085.225,1153.15,1105.55
16.75,1114.375,1086.725,1154.175,1107.05
16.767,1114.375,1088.225,1154.175,1108.55
16.783,1114.375,1089.725,1154.825,1110.05
16.8,1114.375,1091.225,1156.325,1111.55
16.817,1114.375,1092.725,1157.825,1113.05
16.833,1114.375,1094.225,1159.325,1114.375
16.85,1115.375,1095.725,1160.825,1114.375
16.867,1116.875,1097.225,1162.325,1114.375
16.883,1118.375,1098.725,1163.825,1114.375
16.9,1119.875,1100.225,1165.325,1114.375
16.917,1121.375,1101.725,1166.825,1114.375
16.933,1122.875,1103.225,1168.325,1114.375
16.95,1124.325,1104.425,1169.825,1114.375
16.967,1124.325,1104.425,1171.325,1114.375
16.983,1124.6,1104.425,1172.825,1114.375
17.0,1126.1,1104.425,1174.325,1114.375
17.017,1127.6,1104.425,1175.825,1115.225
17.033,1129.1,1104.425,1177.325,1116.725
17.05,1130.6,1104.425,1178.825,1118.225
17.067,1132.1,1104.425,1180.325,1119.725
17.083,1133.6,1104.425,1181.825,1121.225
17.1,1135.1,1104.425,1183.325,1122.725
17.117,1136.6,1104.425,1184.025,1124.225
17.133,1138.1,1105.525,1184.025,1124.325
17.15,1139.6,1107.025,1184.025,1124.325
17.167,1141.1,1108.525,1184.025,1124.8
17.183,1142.6,1110.025,1184.025,1126.3
17.2,1144.1,1111.525,1184.8,1127.8
17.217,1144.225,1113.025,1186.3,1129.3
17.233,1144.225,1114.375,1187.8,1130.8
17.25,1144.225,1114.375,1189.3,1132.3
17.267,1144.225,1114.375,1190.8,1133.8
17.283,1144.225,1114.85,1192.3,1134.275
17.3,1144.225,1116.35,1193.8,1134.275
17.317,1144.225,1117.85,1193.975,1134.275
17.333,1144.225,1119.35,1193.975,1135.3
17.35,1144.225,1120.85,1193.975,1136.8
17.367,1144.225,1122.35,1193.975,1138.3
17.383,1144.75,1123.85,1193.975,1139.8
17.4,1146.25,1124.325,1193.975,1141.3
17.417,1147.75,1124.325,1193.975,1142.8
17.433,1149.25,1125.0,1193.975,1144.3
17.45,1150.75,1126.5,1193.975,1145.8
17.467,1152.25,1128.0,1193.975,1147.3
17.483,1153.75,1129.5,1193.975,1148.8
17.5,1154.175,1131.0,1194.925,1150.3
17.517,1154.175,1132.5,1196.425,1151.8
17.533,1154.175,1134.0,1197.925,1153.3
17.55,1154.175,1134.275,1199.425,1154.175
17.567,1154.175,1135.575,1200.925,1154.175
17.583,1154.175,1137.075,1202.425,1154.175
17.6,1154.875,1138.575,1203.925,1154.175
17.617,1156.375,1140.075,1203.925,1154.175
17.633,1157.875,1141.575,1203.925,1154.175
17.65,1159.375,1143.075,1203.925,1154.175
17.667,1160.875,1144.225,1203.925,1154.175
17.683,1162.375,1144.225,1203.925,1154.175
17.7,1163.875,1144.225,1204.925,1154.175
17.717,1165.375,1144.225,1206.425,1154.475
17.733,1166.875,1144.225,1207.925,1155.975
17.75,1168.375,1144.225,1209.425,1157.475
17.767,1169.875,1144.225,1210.925,1158.975
17.783,1171.375,1144.225,1212.425,1160.475
17.8,1172.875,1144.225,1213.875,1161.975
17.817,1174.075,1144.225,1213.875,1163.475
17.833,1174.075,1144.3,1214.25,1164.125
17.85,1174.075,1145.8,1215.75,1164.125
17.867,1174.075,1147.3,1217.25,1164.125
17.883,1174.075,1148.8,1218.75,1164.125
17.9,1174.075,1150.3,1220.25,1164.125
17.917,1175.525,1151.8,1221.75,1164.975
17.933,1177.025,1153.3,1223.25,1166.475
17.95,1178.525,1154.175,1223.825,1167.975
17.967,1180.025,1154.175,1223.825,1169.475
17.983,1181.525,1154.175,1223.825,1170.975
18.0,1183.025,1154.175,1223.975,1172.475
18.017,1184.025,1154.175,1225.475,1173.975
18.033,1184.025,1154.175,1226.975,1174.075
18.05,1185.375,1155.175,1228.475,1174.075
18.067,1186.875,1156.675,1229.975,1174.075
18.083,1188.375,1158.175,1231.475,1174.075
18.1,1189.875,1159.675,1232.975,1174.075
18.117,1191.375,1161.175,1233.775,1174.075
18.133,1192.875,1162.675,1233.775,1174.075
18.15,1193.975,1164.125,1233.775,1174.075
18.167,1194.475,1164.125,1233.775,1174.075
18.183,1195.975,1164.125,1233.775,1174.075
18.2,1197.475,1164.125,1233.775,1174.075
18.217,1198.975,1164.125,1233.95,1175.275
18.233,1200.475,1164.125,1235.45,1176.775
18.25,1201.975,1164.125,1236.95,1178.275
18.267,1203.475,1164.125,1238.45,1179.775
18.283,1203.925,1164.125,1239.95,1181.275
18.3,1203.925,1164.125,1241.45,1182.775
18.317,1203.925,1164.225,1242.95,1184.025
18.333,1203.925,1165.725,1243.725,1184.025
18.35,1203.925,1167.225,1243.725,1184.025
18.367,1203.925,1168.725,1243.725,1185.025
18.383,1203.925,1170.225,1243.725,1186.525
18.4,1203.925,1171.725,1244.125,1188.025
18.417,1203.925,1173.225,1245.625,1189.525
18.433,1204.85,1174.075,1247.125,1191.025
18.45,1206.35,1174.075,1248.625,1192.525
18.467,1207.85,1174.075,1250.125,1193.975
18.483,1209.35,1174.6,1251.625,1193.975
18.5,1210.85,1176.1,1253.125,1193.975
18.517,1212.35,1177.6,1253.675,1193.975
18.533,1213.85,1179.1,1253.675,1193.975
18.55,1215.35,1180.6,1253.675,1193.975
18.567,1216.85,1182.1,1253.675,1193.975
18.583,1218.35,1183.6,1253.675,1193.975
18.6,1219.85,1184.025,1253.675,1193.975
18.617,1221.35,1184.025,1253.675,1195.075
18.633,1222.85,1184.025,1253.675,1196.575
18.65,1223.825,1184.025,1253.675,1198.075
18.667,1223.825,1184.025,1253.8,1199.575
18.683,1223.825,1184.025,1255.3,1201.075
18.7,1223.825,1184.025,1256.8,1202.575
18.717,1223.825,1184.65,1258.3,1203.925
18.733,1223.825,1186.15,1259.8,1203.925
18.75,1223.825,1187.65,1261.3,1203.925
18.767,1223.825,1189.15,1262.8,1203.925
18.783,1223.825,1190.65,1264.3,1203.925
18.8,1224.15,1192.15,1265.8,1203.925
18.817,1225.65,1193.65,1267.3,1204.025
18.833,1227.15,1193.975,1268.8,1205.525
18.85,1228.65,1193.975,1270.3,1207.025
18.867,1230.15,1193.975,1271.8,1208.525
18.883,1231.65,1193.975,1273.3,1210.025
18.9,1233.15,1193.975,1273.575,1211.525
18.917,1234.65,1193.975,1273.575,1213.025
18.933,1236.15,1193.975,1273.575,1213.875
18.95,1237.65,1195.25,1273.575,1213.875
18.967,1239.15,1196.75,1273.575,1213.875
18.983,1240.65,1198.25,1273.575,1213.875
19.0,1242.15,1199.75,1273.575,1213.875
19.017,1243.65,1201.25,1273.575,1213.875
19.033,1245.15,1202.75,1273.575,1213.875
19.05,1246.65,1203.925,1273.575,1213.875
19.067,1248.15,1203.925,1273.95,1213.875
19.083,1249.65,1203.925,1275.45,1213.875
19.1,1251.15,1203.925,1276.95,1213.875
19.117,1252.65,1203.925,1278.45,1213.875
19.133,1253.675,1203.925,1279.95,1213.875
19.15,1253.675,1203.925,1281.45,1213.875
19.167,1253.675,1203.925,1282.95,1213.875
19.183,1253.675,1203.925,1284.45,1213.875
19.2,1253.675,1203.925,1285.95,1214.725
19.217,1253.675,1203.925,1287.45,1216.225
19.233,1253.675,1203.925,1288.95,1217.725
19.25,1253.675,1203.925,1290.45,1219.225
19.267,1253.675,1203.925,1291.95,1220.725
19.283,1254.775,1203.925,1293.45,1222.225
19.3,1256.275,1203.925,1294.95,1223.725
19.317,1257.775,1204.475,1296.45,1225.225
19.333,1259.275,1205.975,1297.95,1226.725
19.35,1260.775,1207.475,1299.45,1228.225
19.367,1262.275,1208.975,1300.95,1229.725
19.383,1263.625,1210.475,1302.45,1231.225
19.4,1263.625,1211.975,1303.9,1232.725
19.417,1263.625,1213.475,1305.4,1233.775
19.433,1263.625,1214.975,1306.9,1233.775
19.45,1263.625,1216.475,1308.4,1233.775
19.467,1263.625,1217.975,1309.9,1233.775
19.483,1265.075,1219.475,1311.4,1233.775
19.5,1266.575,1220.975,1312.9,1233.775
19.517,1268.075,1222.475,1313.375,1233.775
19.533,1269.575,1223.825,1313.375,1233.775
19.55,1271.075,1223.825,1313.375,1233.775
19.567,1272.575,1223.825,1313.525,1233.775
19.583,1273.575,1223.825,1315.025,1233.775
19.6,1274.8,1223.825,1316.525,1233.775
19.617,1276.3,1223.825,1318.025,1235.275
19.633,1277.8,1223.825,1319.525,1236.775
19.65,1279.3,1223.825,1321.025,1238.275
19.667,1280.8,1223.825,1322.525,1239.775
19.683,1282.3,1223.825,1323.325,1241.275
19.7,1283.525,1223.825,1323.325,1242.775
19.717,1283.525,1223.825,1323.325,1243.725
19.733,1283.525,1224.275,1324.025,1243.725
19.75,1283.525,1225.775,1325.525,1243.725
19.767,1283.525,1227.275,1327.025,1243.725
19.783,1283.525,1228.775,1328.525,1245.15
19.8,1283.525,1230.275,1330.025,1246.65
19.817,1283.525,1231.775,1331.525,1248.15
19.833,1283.525,1233.275,1333.025,1249.65
19.85,1283.525,1233.775,1334.525,1251.15
19.867,1283.525,1233.775,1336.025,1252.65
19.883,1283.525,1234.05,1337.525,1253.675
19.9,1283.525,1235.55,1339.025,1253.675
19.917,1283.525,1237.05,1340.525,1253.675
19.933,1284.975,1238.55,1342.025,1253.675
19.95,1286.475,1240.05,1343.225,1254.9
19.967,1287.975,1241.55,1343.225,1256.4
19.983,1289.475,1243.05,1343.225,1257.9
20.0,1290.975,1243.725,1343.225,1259.4
20.017,1292.475,1243.725,1343.225,1260.9
20.033,1293.975,1243.725,1343.225,1262.4
20.05,1295.475,1243.725,1343.225,1263.625
20.067,1296.975,1244.8,1343.225,1263.625
20.083,1298.475,1246.3,1343.225,1263.625
20.1,1299.975,1247.8,1343.225,1263.625
20.117,1301.475,1249.3,1343.225,1263.625
20.133,1302.975,1250.8,1343.225,1263.625
20.15,1304.475,1252.3,1343.225,1263.625
20.167,1305.975,1253.675,1343.225,1263.625
20.183,1307.475,1253.675,1343.225,1263.625
20.2,1308.975,1253.675,1343.225,1263.625
20.217,1310.475,1253.675,1343.225,1263.625
20.233,1311.975,1253.675,1343.225,1263.625
20.25,1313.375,1253.675,1343.225,1263.625
20.267,1313.375,1253.675,1343.975,1265.0
20.283,1313.375,1253.675,1345.475,1266.5
20.3,1313.375,1253.675,1346.975,1268.0
20.317,1313.375,1253.675,1348.475,1269.5
20.333,1313.375,1253.675,1349.975,1271.0
20.35,1313.375,1253.675,1351.475,1272.5
20.367,1313.375,1253.675,1352.975,1273.575
20.383,1313.375,1254.925,1354.225,1273.575
20.4,1313.375,1256.425,1355.725,1274.35
20.417,1313.375,1257.925,1357.225,1275.85
20.433,1313.375,1259.425,1358.725,1277.35
20.45,1313.375,1260.925,1360.225,1278.85
20.467,1313.925,1262.425,1361.725,1280.35
20.483,1315.425,1263.625,1363.125,1281.85
20.5,1316.925,1263.625,1363.125,1283.35
20.517,1318.425,1263.925,1363.125,1283.525
20.533,1319.925,1265.425,1363.125,1283.525
20.55,1321.425,1266.925,1363.125,1283.525
20.567,1322.925,1268.425,1363.125,1283.525
20.583,1323.325,1269.925,1363.125,1283.525
20.6,1323.85,1271.425,1363.125,1283.525
20.617,1325.35,1272.925,1363.125,1283.525
20.633,1326.85,1273.575,1363.125,1283.525
20.65,1328.35,1273.575,1363.125,1283.525
20.667,1329.85,1273.575,1363.125,1283.525
20.683,1331.35,1273.575,1363.125,1283.525
20.7,1332.85,1273.575,1363.125,1284.1
20.717,1333.275,1273.575,1363.125,1285.6
20.733,1333.275,1273.575,1363.125,1287.1
20.75,1333.275,1273.575,1364.025,1288.6
20.767,1333.275,1273.575,1365.525,1290.1
20.783,1333.275,1273.575,1367.025,1291.6
20.8,1333.275,1273.575,1368.525,1293.1
20.817,1333.275,1273.9,1370.025,1293.475
20.833,1333.275,1275.4,1371.525,1293.725
20.85,1333.275,1276.9,1373.025,1295.225
20.867,1333.275,1278.4,1373.075,1296.725
20.883,1333.275,1279.9,1373.075,1298.225
20.9,1333.275,1281.4,1373.075,1299.725
20.917,1333.275,1282.9,1373.725,1301.225
20.933,1333.275,1283.525,1375.225,1302.725
20.95,1333.275,1283.525,1376.725,1303.425
20.967,1334.675,1284.8,1378.225,1303.425
20.983,1336.175,1286.3,1379.725,1303.425
21.0,1337.675,1287.8,1381.225,1303.425
21.017,1339.175,1289.3,1382.725,1303.425
21.033,1340.675,1290.8,1383.025,1303.425
21.05,1342.175,1292.3,1383.025,1303.425
21.067,1343.225,1293.475,1383.025,1303.425
21.083,1343.225,1293.475,1383.025,1303.425
21.1,1343.225,1293.475,1383.025,1303.425
21.117,1343.225,1293.475,1383.025,1303.425
21.133,1343.225,1293.475,1383.025,1304.525
21.15,1343.225,1293.475,1383.025,1306.025
21.167,1344.375,1293.475,1383.025,1307.525
21.183,1345.875,1293.475,1383.025,1309.025
21.2,1347.375,1293.475,1383.025,1310.525
21.217,1348.875,1293.475,1383.025,1312.025
21.233,1350.375,1293.475,1383.85,1313.375
21.25,1351.875,1294.45,1385.35,1313.375
21.267,1353.175,1295.95,1386.85,1313.375
21.283,1353.175,1297.45,1388.35,1313.375
21.3,1354.25,1298.95,1389.85,1313.375
21.317,1355.75,1300.45,1391.35,1313.375
21.333,1357.25,1301.95,1392.85,1313.375
21.35,1358.75,1303.425,1392.975,1313.375
21.367,1360.25,1303.425,1392.975,1313.375
21.383,1361.75,1303.425,1392.975,1313.375
21.4,1363.125,1303.425,1392.975,1313.375
21.417,1363.125,1303.425,1392.975,1313.375
21.433,1364.45,1303.425,1392.975,1313.375
21.45,1365.95,1303.425,1393.8,1313.375
21.467,1367.45,1303.425,1395.3,1313.375
21.483,1368.95,1303.425,1396.8,1313.375
21.5,1370.45,1303.425,1398.3,1313.375
21.517,1371.95,1303.425,1399.8,1313.375
21.533,1373.075,1303.425,1401.3,1313.375
21.55,1373.075,1303.425,1402.8,1313.375
21.567,1373.725,1303.425,1402.925,1313.375
21.583,1375.225,1303.425,1404.275,1313.375
21.6,1376.725,1303.425,1405.775,1313.375
21.617,1378.225,1303.425,1407.275,1313.375
21.633,1379.725,1303.425,1408.775,1313.375
21.65,1381.225,1303.425,1410.275,1313.375
21.667,1382.725,1303.425,1411.775,1314.325
21.683,1383.025,1303.425,1412.875,1315.825
21.7,1383.025,1303.425,1412.875,1317.325
21.717,1383.025,1303.425,1414.1,1318.825
21.733,1383.025,1303.425,1415.6,1320.325
21.75,1383.025,1303.425,1417.1,1321.825
21.767,1383.025,1303.425,1418.6,1323.325
21.783,1383.025,1303.6,1420.1,1324.025
21.8,1383.025,1305.1,1421.6,1325.525
21.817,1383.025,1306.6,1422.825,1327.025
21.833,1383.025,1308.1,1422.825,1328.525
21.85,1383.025,1309.6,1423.9,1330.025
21.867,1383.025,1311.1,1425.4,1331.525
21.883,1383.025,1312.6,1426.9,1333.025
21.9,1383.025,1314.1,1428.4,1333.275
21.917,1383.625,1315.6,1429.9,1333.275
21.933,1385.125,1317.1,1431.4,1333.275
21.95,1386.625,1318.6,1432.775,1333.275
21.967,1388.125,1320.1,1432.775,1333.275
21.983,1389.625,1321.6,1432.775,1333.275
22.0,1391.125,1323.1,1432.775,1333.275
22.017,1392.625,1323.325,1432.775,1333.275
22.033,1392.975,1323.325,1432.775,1333.275
22.05,1393.3,1323.325,1432.775,1333.275
22.067,1394.8,1323.325,1432.775,1333.275
22.083,1396.3,1323.325,1432.775,1333.275
22.1,1397.8,1323.325,1432.775,1333.275
22.117,1399.3,1323.325,1432.775,1333.275
22.133,1400.8,1323.325,1432.775,1333.825
22.15,1402.3,1323.325,1432.775,1335.325
22.167,1402.925,1323.325,1432.775,1336.825
22.183,1402.925,1323.325,1432.775,1338.325
22.2,1402.925,1323.325,1432.775,1339.825
22.217,1402.925,1323.325,1432.775,1341.325
22.233,1402.925,1323.325,1432.775,1342.825
22.25,1402.925,1323.85,1432.85,1344.325
22.267,1402.925,1325.35,1434.35,1345.825
22.283,1402.925,1326.85,1435.85,1347.325
22.3,1402.925,1328.35,1437.35,1348.825
22.317,1402.925,1329.85,1438.85,1350.325
22.333,1402.925,1331.35,1440.35,1351.825
22.35,1402.925,1332.85,1441.85,1353.175
22.367,1404.0,1333.275,1442.725,1353.175
22.383,1405.5,1334.55,1442.725,1353.175
22.4,1407.0,1336.05,1442.725,1353.175
22.417,1408.5,1337.55,1442.725,1353.175
22.433,1410.0,1339.05,1442.725,1353.175
22.45,1411.5,1340.55,1442.725,1353.175
22.467,1413.0,1342.05,1442.725,1353.175
22.483,1414.5,1343.225,1442.725,1353.175
22.5,1416.0,1343.225,1442.725,1353.175
22.517,1417.5,1343.225,1442.725,1353.175
22.533,1419.0,1343.225,1442.725,1353.175
22.55,1420.5,1343.225,1442.725,1353.175
22.567,1422.0,1343.225,1442.725,1353.175
22.583,1422.825,1343.225,1442.8,1353.175
22.6,1422.825,1343.225,1444.3,1353.175
22.617,1422.825,1343.225,1445.8,1353.175
22.633,1422.825,1343.225,1447.3,1353.175
22.65,1422.825,1343.225,1448.8,1353.175
22.667,1422.825,1343.225,1450.3,1353.175
22.683,1422.825,1343.225,1451.8,1354.325
22.7,1422.825,1343.225,1452.675,1355.825
22.717,1422.825,1343.225,1452.675,1357.325
22.733,1422.825,1343.225,1452.675,1358.825
22.75,1422.825,1343.225,1452.675,1360.325
22.767,1422.825,1343.225,1453.95,1361.825
22.783,1423.3,1343.225,1455.45,1363.125
22.8,1424.8,1343.725,1456.95,1363.95
22.817,1426.3,1345.225,1458.45,1365.45
22.833,1427.8,1346.725,1459.95,1366.95
22.85,1429.3,1348.225,1461.45,1368.45
22.867,1430.8,1349.725,1462.625,1369.95
22.883,1432.3,1351.225,1462.625,1371.45
22.9,1432.775,1352.725,1462.625,1372.95
22.917,1432.775,1353.25,1462.625,1373.075
22.933,1432.775,1354.75,1462.625,1373.075
22.95,1432.775,1356.25,1462.625,1373.075
22.967,1432.775,1357.75,1462.625,1373.25
22.983,1432.775,1359.25,1462.625,1374.75
23.0,1432.775,1360.75,1462.625,1376.25
23.017,1432.775,1362.25,1462.625,1377.75
23.033,1432.775,1363.125,1462.625,1379.25
23.05,1432.775,1363.125,1462.625,1380.75
23.067,1432.775,1363.125,1462.625,1382.25
23.083,1432.775,1363.525,1463.8,1383.025
23.1,1432.775,1365.025,1465.3,1383.025
23.117,1432.775,1366.525,1466.8,1383.025
23.133,1433.45,1368.025,1468.3,1383.025
23.15,1434.95,1369.525,1469.8,1383.025
23.167,1436.45,1371.025,1471.3,1383.025
23.183,1437.95,1372.525,1472.575,1383.025
23.2,1439.45,1373.075,1472.575,1383.025
23.217,1440.95,1373.075,1472.575,1383.025
23.233,1442.45,1373.075,1472.575,1383.025
23.25,1443.95,1373.075,1472.575,1383.025
23.267,1445.45,1373.075,1472.575,1383.025
23.283,1446.95,1373.075,1472.575,1383.425
23.3,1448.45,1373.075,1472.575,1384.925
23.317,1449.95,1373.075,1472.575,1386.425
23.333,1451.45,1373.075,1472.575,1387.925
23.35,1452.675,1373.075,1472.575,1389.425
23.367,1452.675,1373.075,1472.575,1390.925
23.383,1452.675,1373.075,1472.575,1392.425
23.4,1452.675,1373.25,1472.575,1392.975
23.417,1452.675,1374.75,1473.125,1392.975
23.433,1452.675,1376.25,1474.625,1392.975
23.45,1452.675,1377.75,1476.125,1392.975
23.467,1452.675,1379.25,1477.625,1392.975
23.483,1452.675,1380.75,1479.125,1392.975
23.5,1452.675,1382.25,1480.625,1392.975
23.517,1452.675,1383.025,1482.125,1392.975
23.533,1452.675,1383.025,1483.625,1392.975
23.55,1453.425,1383.025,1485.125,1392.975
23.567,1454.925,1383.025,1486.625,1392.975
23.583,1456.425,1383.025,1488.125,1392.975
23.6,1457.925,1383.025,1489.625,1392.975
23.617,1459.425,1383.025,1491.125,1392.975
23.633,1460.925,1383.025,1492.475,1392.975
23.65,1462.425,1383.025,1492.475,1392.975
23.667,1463.925,1383.025,1492.475,1392.975
23.683,1465.425,1383.025,1492.475,1393.075
23.7,1466.925,1383.025,1492.475,1394.575
23.717,1468.425,1383.025,1492.475,1396.075
23.733,1469.925,1383.025,1492.475,1397.575
23.75,1471.425,1383.025,1492.75,1399.075
23.767,1472.575,1383.025,1494.25,1400.575
23.783,1472.575,1383.025,1495.75,1402.075
23.8,1472.575,1383.075,1497.25,1402.925
23.817,1472.575,1384.575,1498.75,1402.925
23.833,1472.575,1386.075,1500.25,1402.925
23.85,1472.575,1387.575,1501.75,1402.925
23.867,1472.575,1389.075,1503.25,1402.925
23.883,1472.575,1390.575,1504.75,1402.925
23.9,1472.575,1392.075,1506.25,1402.925
23.917,1472.575,1392.975,1507.75,1402.925
23.933,1473.975,1392.975,1509.25,1402.925
23.95,1475.475,1392.975,1510.75,1402.925
23.967,1476.975,1392.975,1512.25,1403.8
23.983,1478.475,1392.975,1512.375,1405.3
24.0,1479.975,1392.975,1512.375,1406.8
24.017,1481.475,1392.975,1512.375,1408.3
24.033,1482.775,1392.975,1512.375,1409.8
24.05,1484.275,1392.975,1512.375,1411.3
24.067,1485.775,1392.975,1512.375,1412.8
24.083,1487.275,1393.775,1512.375,1412.875
24.1,1488.775,1395.275,1512.375,1412.875
24.117,1490.275,1396.775,1512.375,1412.875
24.133,1491.775,1398.275,1512.375,1412.875
24.15,1492.475,1399.775,1512.375,1412.875
24.167,1492.475,1401.275,1512.875,1412.875
24.183,1492.475,1402.775,1514.375,1412.875
24.2,1492.475,1402.925,1515.875,1412.875
24.217,1492.475,1402.925,1517.375,1412.875
24.233,1492.475,1402.925,1518.875,1412.875
24.25,1492.475,1402.925,1520.375,1412.875
24.267,1492.475,1402.925,1521.875,1412.875
24.283,1492.475,1402.925,1523.375,1412.875
24.3,1492.475,1402.925,1524.875,1412.875
24.317,1492.475,1402.925,1526.375,1412.875
24.333,1492.575,1402.925,1527.875,1412.875
24.35,1494.075,1402.925,1529.375,1412.875
24.367,1495.575,1402.925,1530.875,1412.875
24.383,1497.075,1402.925,1532.275,1413.3
24.4,1498.575,1402.925,1532.275,1414.8
24.417,1500.075,1402.925,1532.275,1416.3
24.433,1501.575,1402.925,1532.6,1417.8
24.45,1503.075,1402.925,1534.1,1419.3
24.467,1504.575,1402.925,1535.6,1420.8
24.483,1506.075,1402.925,1537.1,1422.3
24.5,1507.575,1402.925,1538.6,1422.825
24.517,1509.075,1403.875,1540.1,1422.825
24.533,1510.575,1405.375,1541.6,1422.825
24.55,1512.075,1406.875,1542.225,1422.825
24.567,1512.375,1408.375,1542.225,1422.825
24.583,1512.375,1409.875,1542.225,1422.825
24.6,1512.375,1411.375,1542.225,1422.825
24.617,1512.375,1412.875,1542.775,1422.825
24.633,1512.375,1412.875,1544.275,1422.825
24.65,1512.375,1412.875,1545.775,1423.525
24.667,1512.375,1412.875,1547.275,1425.025
24.683,1512.375,1412.875,1548.775,1426.525
24.7,1512.375,1412.875,1550.275,1428.025
24.717,1512.375,1412.875,1551.775,1429.525
24.733,1512.375,1412.875,1552.175,1431.025
24.75,1512.375,1412.875,1552.175,1432.525
24.767,1513.825,1413.975,1552.175,1432.775
24.783,1515.325,1415.475,1552.175,1432.775
24.8,1516.825,1416.975,1552.175,1432.775
24.817,1518.325,1418.475,1552.175,1432.775
24.833,1519.825,1419.975,1552.175,1432.775
24.85,1521.325,1421.475,1552.175,1432.775
24.867,1522.825,1422.825,1552.175,1432.775
24.883,1524.325,1422.825,1553.2,1432.775
24.9,1525.825,1422.825,1554.7,1432.775
24.917,1527.325,1422.825,1556.2,1432.775
24.933,1528.825,1422.825,1557.7,1432.775
24.95,1530.325,1422.825,1559.2,1432.775
24.967,1531.825,1422.825,1560.7,1432.775
24.983,1532.275,1422.825,1562.125,1432.775
25.0,1532.275,1422.825,1562.125,1432.775
25.017,1532.275,1422.825,1562.125,1432.775
25.033,1532.275,1422.825,1562.125,1432.775
25.05,1532.275,1422.825,1563.2,1432.775
25.067,1532.275,1422.825,1564.7,1432.775
25.083,1532.275,1422.825,1566.2,1434.25
25.1,1533.25,1422.825,1567.7,1435.75
25.117,1534.75,1422.825,1569.2,1437.25
25.133,1536.25,1422.825,1570.7,1438.75
25.15,1537.75,1422.825,1572.2,1440.25
25.167,1539.25,1422.825,1573.7,1441.75
25.183,1540.75,1422.825,1575.2,1442.725
25.2,1542.225,1423.35,1576.7,1442.725
25.217,1542.225,1424.85,1578.2,1442.725
25.233,1542.225,1426.35,1579.7,1442.725
25.25,1542.55,1427.85,1581.2,1442.725
25.267,1544.05,1429.35,1582.025,1442.725
25.283,1545.55,1430.85,1582.025,1442.725
25.3,1547.05,1432.35,1582.025,1443.375
25.317,1548.55,1432.775,1582.025,1444.875
25.333,1550.05,1432.775,1582.025,1446.375
25.35,1551.55,1432.775,1582.025,1447.875
25.367,1552.175,1432.775,1582.025,1449.375
25.383,1552.175,1432.775,1582.075,1450.875
25.4,1552.175,1432.775,1583.575,1452.375
25.417,1552.175,1432.775,1585.075,1452.675
25.433,1552.175,1433.5,1586.575,1452.675
25.45,1552.175,1435.0,1588.075,1452.675
25.467,1552.175,1436.5,1589.575,1452.675
25.483,1552.175,1438.0,1591.075,1452.675
25.5,1552.175,1439.5,1591.975,1452.675
25.517,1552.175,1441.0,1591.975,1452.675
25.533,1552.175,1442.5,1591.975,1452.675
25.55,1553.05,1442.725,1591.975,1452.675
25.567,1554.55,1442.725,1593.45,1452.675
25.583,1556.05,1442.725,1594.95,1452.675
25.6,1557.55,1442.725,1596.45,1452.675
25.617,1559.05,1442.725,1597.95,1453.9
25.633,1560.55,1442.725,1599.45,1455.4
25.65,1562.05,1442.725,1600.95,1456.9
25.667,1562.125,1442.725,1601.925,1458.4
25.683,1562.125,1442.725,1601.925,1459.9
25.7,1562.125,1442.725,1601.925,1461.4
25.717,1562.125,1442.725,1601.925,1462.625
25.733,1562.125,1444.025,1601.925,1462.625
25.75,1562.125,1445.525,1601.925,1462.625
25.767,1562.125,1447.025,1601.925,1462.975
25.783,1562.125,1448.525,1601.925,1464.475
25.8,1562.125,1450.025,1602.65,1465.975
25.817,1562.125,1451.525,1604.15,1467.475
25.833,1562.125,1452.675,1605.65,1468.975
25.85,1562.125,1452.675,1607.15,1470.475
25.867,1562.9,1452.675,1608.65,1471.975
25.883,1564.4,1452.675,1610.15,1472.575
25.9,1565.9,1454.05,1611.65,1472.575
25.917,1567.4,1455.55,1611.875,1472.575
25.933,1568.9,1457.05,1611.875,1472.575
25.95,1570.4,1458.55,1611.875,1472.575
25.967,1571.9,1460.05,1611.875,1472.575
25.983,1572.075,1461.55,1611.875,1472.575
26.0,1572.525,1462.625,1611.875,1472.575
26.017,1574.025,1462.625,1611.875,1472.575
26.033,1575.525,1462.625,1611.875,1472.575
26.05,1577.025,1462.625,1611.875,1473.125
26.067,1578.525,1462.625,1611.875,1474.625
26.083,1580.025,1462.625,1611.875,1476.125
26.1,1581.525,1462.625,1611.875,1477.625
26.117,1582.025,1462.625,1611.875,1479.125
26.133,1582.025,1462.625,1611.875,1480.625
26.15,1582.025,1462.625,1611.875,1482.125
26.167,1582.025,1462.625,1612.425,1482.525
26.183,1582.025,1464.025,1613.925,1482.525
26.2,1582.025,1465.525,1615.425,1482.525
26.217,1582.025,1467.025,1616.925,1482.525
26.233,1582.025,1468.525,1618.425,1482.525
26.25,1582.025,1470.025,1619.925,1482.525
26.267,1582.025,1471.525,1621.425,1482.525
26.283,1582.025,1472.575,1622.925,1482.525
26.3,1582.125,1472.575,1624.425,1482.525
26.317,1583.625,1472.575,1625.925,1482.525
26.333,1585.125,1472.575,1627.425,1482.525
26.35,1586.625,1472.575,1628.925,1482.525
26.367,1588.125,1472.575,1630.425,1482.525
26.383,1589.625,1472.575,1631.775,1482.525
26.4,1591.125,1472.575,1631.775,1482.525
26.417,1592.625,1472.575,1631.775,1482.525
26.433,1594.125,1472.575,1631.775,1482.525
26.45,1595.625,1472.575,1631.775,1482.525
26.467,1597.125,1472.575,1631.775,1482.525
26.483,1598.625,1472.575,1631.775,1483.325
26.5,1600.125,1472.575,1631.775,1484.825
26.517,1601.625,1472.575,1631.775,1486.325
26.533,1601.925,1472.575,1631.775,1487.825
26.55,1601.925,1472.575,1633.225,1489.325
26.567,1601.925,1472.575,1634.725,1490.825
26.583,1601.925,1472.575,1636.225,1492.325
26.6,1601.925,1472.875,1637.725,1492.475
26.617,1601.925,1474.375,1639.225,1492.475
26.633,1601.925,1475.875,1640.725,1492.475
26.65,1601.925,1477.375,1642.225,1492.475
26.667,1601.925,1478.875,1643.725,1492.475
26.683,1602.1,1480.375,1645.225,1492.475
26.7,1603.6,1481.875,1646.725,1492.475
26.717,1605.1,1482.525,1648.225,1492.475
26.733,1606.6,1482.525,1649.725,1492.475
26.75,1608.1,1482.525,1651.225,1492.475
26.767,1609.6,1482.525,1651.675,1492.475
26.783,1611.1,1482.525,1651.675,1492.475
26.8,1612.6,1482.525,1651.675,1493.575
26.817,1614.1,1482.525,1651.675,1495.075
26.833,1615.6,1482.525,1651.675,1496.575
26.85,1617.1,1482.525,1651.675,1498.075
26.867,1618.6,1482.525,1651.675,1499.575
26.883,1620.1,1482.525,1651.675,1501.075
26.9,1621.6,1482.525,1651.675,1502.425
26.917,1621.825,1482.525,1651.675,1502.425
26.933,1621.825,1483.3,1651.675,1502.425
26.95,1621.825,1484.8,1651.675,1502.425
26.967,1621.825,1486.3,1651.9,1502.425
26.983,1621.825,1487.8,1653.4,1502.425
27.0,1621.825,1489.3,1654.9,1502.425
27.017,1621.825,1490.8,1656.4,1503.775
27.033,1621.825,1492.3,1657.9,1505.275
27.05,1622.325,1492.475,1659.4,1506.775
27.067,1623.825,1492.475,1660.9,1508.275
27.083,1625.325,1492.475,1661.625,1509.775
27.1,1626.825,1492.475,1661.625,1511.275
27.117,1628.325,1492.475,1661.625,1512.375
27.133,1629.825,1493.125,1661.625,1512.375
27.15,1631.325,1494.625,1661.625,1512.375
27.167,1631.775,1496.125,1661.625,1512.375
27.183,1633.275,1497.625,1661.625,1512.375
27.2,1634.775,1499.125,1661.625,1512.375
27.217,1636.275,1500.625,1661.625,1512.375
27.233,1637.775,1502.125,1661.625,1512.375
27.25,1639.275,1502.425,1661.625,1512.375
27.267,1640.775,1502.425,1661.625,1512.375
27.283,1641.725,1502.425,1662.025,1512.375
27.3,1641.725,1502.425,1663.525,1512.375
27.317,1641.725,1502.425,1665.025,1512.375
27.333,1641.725,1502.425,1666.525,1512.375
27.35,1641.725,1502.425,1668.025,1513.7
27.367,1641.725,1502.425,1669.525,1515.2
27.383,1641.725,1502.425,1671.025,1516.7
27.4,1641.725,1502.425,1671.575,1518.2
27.417,1641.725,1502.425,1671.575,1519.7
27.433,1641.725,1502.425,1671.575,1521.2
27.45,1641.725,1502.425,1671.575,1522.325
27.467,1641.725,1502.5,1672.9,1522.325
27.483,1641.725,1504.0,1674.4,1522.325
27.5,1641.95,1505.5,1675.9,1522.325
27.517,1643.45,1507.0,1677.4,1522.325
27.533,1644.95,1508.5,1678.9,1522.325
27.55,1646.45,1510.0,1680.4,1522.325
27.567,1647.95,1511.5,1681.9,1522.325
27.583,1649.45,1512.375,1683.4,1522.325
27.6,1650.95,1512.375,1684.9,1522.325
27.617,1651.675,1512.375,1686.4,1522.325
27.633,1651.675,1512.375,1687.9,1522.325
27.65,1651.675,1512.375,1689.4,1522.325
27.667,1651.675,1512.375,1690.9,1522.85
27.683,1651.675,1512.375,1691.475,1524.35
27.7,1651.675,1512.375,1691.475,1525.85
27.717,1651.675,1512.375,1691.475,1527.35
27.733,1651.675,1512.375,1691.475,1528.85
27.75,1651.675,1512.375,1691.475,1530.35
27.767,1651.675,1512.375,1691.475,1531.85
27.783,1651.675,1512.475,1691.475,1533.35
27.8,1651.675,1513.975,1691.475,1534.85
27.817,1651.675,1515.475,1691.6,1536.35
27.833,1651.975,1516.975,1693.1,1537.85
27.85,1653.475,1518.475,1694.6,1539.35
27.867,1654.975,1519.975,1696.1,1540.85
27.883,1656.475,1521.475,1697.6,1542.225
27.9,1657.975,1522.7,1699.1,1542.225
27.917,1659.475,1524.2,1700.6,1542.225
27.933,1660.975,1525.7,1701.425,1542.225
27.95,1661.625,1527.2,1701.425,1542.225
27.967,1661.625,1528.7,1701.425,1542.225
27.983,1661.625,1530.2,1701.425,1542.225
28.0,1661.625,1531.7,1701.425,1542.225
28.017,1661.625,1532.275,1701.425,1542.225
28.033,1661.625,1532.275,1701.425,1542.475
28.05,1662.2,1532.275,1701.425,1543.975
28.067,1663.7,1532.275,1701.425,1545.475
28.083,1665.2,1532.275,1701.425,1546.975
28.1,1666.7,1532.275,1701.425,1548.475
28.117,1668.2,1532.275,1701.425,1549.975
28.133,1669.7,1532.275,1701.425,1551.475
28.15,1671.2,1532.275,1702.775,1552.175
28.167,1671.575,1533.3,1704.275,1552.175
28.183,1671.575,1534.8,1705.775,1552.175
28.2,1671.575,1536.3,1707.275,1552.175
28.217,1672.55,1537.8,1708.775,1552.175
28.233,1674.05,1539.3,1710.275,1552.175
28.25,1675.55,1540.8,1711.375,1552.175
28.267,1677.05,1542.225,1711.375,1552.175
28.283,1678.55,1542.225,1711.375,1552.175
28.3,1680.05,1542.225,1711.375,1552.175
28.317,1681.525,1542.225,1711.375,1552.175
28.333,1681.525,1542.225,1711.5,1552.175
28.35,1681.875,1542.225,1713.0,1552.175
28.367,1683.375,1542.225,1714.5,1552.175
28.383,1684.875,1542.225,1716.0,1552.175
28.4,1686.375,1542.225,1717.5,1552.175
28.417,1687.875,1542.225,1719.0,1552.175
28.433,1689.375,1542.225,1720.5,1552.175
28.45,1690.875,1542.225,1721.325,1552.175
28.467,1691.475,1542.225,1721.325,1552.175
28.483,1691.475,1542.225,1721.325,1552.175
28.5,1692.6,1542.225,1722.025,1552.175
28.517,1694.1,1542.225,1723.525,1552.175
28.533,1695.6,1542.225,1725.025,1552.175
28.55,1697.1,1542.225,1726.525,1552.6
28.567,1698.6,1542.225,1728.025,1554.1
28.583,1700.1,1542.225,1729.525,1555.6
28.6,1701.425,1542.225,1731.025,1557.1
28.617,1701.425,1542.225,1731.275,1558.6
28.633,1701.425,1542.225,1731.75,1560.1
28.65,1701.425,1542.225,1733.25,1561.6
28.667,1701.425,1542.225,1734.75,1562.125
28.683,1701.425,1543.2,1736.25,1562.125
28.7,1701.425,1544.7,1737.75,1562.125
28.717,1701.425,1546.2,1739.25,1563.525
28.733,1701.425,1547.7,1740.75,1565.025
28.75,1701.425,1549.2,1741.225,1566.525
28.767,1701.425,1550.7,1741.225,1568.025
28.783,1701.425,1552.175,1741.225,1569.525
28.8,1701.425,1552.175,1741.225,1571.025
28.817,1701.425,1552.175,1742.5,1572.075
28.833,1701.425,1552.95,1744.0,1572.075
28.85,1702.7,1554.45,1745.5,1572.075
28.867,1704.2,1555.95,1747.0,1572.075
28.883,1705.7,1557.45,1748.5,1572.075
28.9,1707.2,1558.95,1750.0,1572.075
28.917,1708.7,1560.45,1751.175,1572.075
28.933,1710.2,1561.95,1751.175,1572.075
28.95,1711.375,1562.125,1751.175,1572.075
28.967,1711.375,1562.125,1751.175,1572.075
28.983,1711.375,1562.125,1751.175,1572.075
29.0,1711.375,1562.125,1751.175,1572.075
29.017,1711.375,1562.125,1751.175,1572.075
29.033,1711.375,1562.125,1751.175,1573.0
29.05,1711.375,1562.125,1751.675,1574.5
29.067,1711.375,1562.125,1753.175,1576.0
29.083,1711.375,1562.125,1754.675,1577.5
29.1,1711.375,1562.125,1756.175,1579.0
29.117,1711.375,1562.125,1757.675,1580.5
29.133,1711.375,1562.125,1759.175,1582.0
29.15,1712.1,1562.225,1760.675,1582.025
29.167,1713.6,1563.725,1761.125,1583.0
29.183,1715.1,1565.225,1761.125,1584.5
29.2,1716.6,1566.725,1761.125,1586.0
29.217,1718.1,1568.225,1761.125,1587.5
29.233,1719.6,1569.725,1761.125,1589.0
29.25,1721.1,1571.225,1761.125,1590.5
29.267,1722.6,1572.075,1761.125,1591.975
29.283,1724.1,1572.375,1761.125,1591.975
29.3,1725.6,1573.875,1761.125,1591.975
29.317,1727.1,1575.375,1761.125,1591.975
29.333,1728.6,1576.875,1761.125,1591.975
29.35,1730.1,1578.375,1761.125,1591.975
29.367,1731.275,1579.875,1761.125,1591.975
29.383,1731.275,1581.375,1761.125,1591.975
29.4,1731.275,1582.025,1761.125,1591.975
29.417,1731.275,1582.025,1761.125,1591.975
29.433,1731.275,1582.025,1762.3,1591.975
29.45,1731.275,1582.025,1763.8,1591.975
29.467,1731.275,1582.025,1765.3,1591.975
29.483,1731.275,1582.025,1766.8,1592.55
29.5,1731.275,1582.025,1768.3,1594.05
29.517,1731.275,1582.025,1769.8,1595.55
29.533,1731.275,1582.025,1771.075,1597.05
29.55,1731.275,1582.025,1771.075,1598.55
29.567,1731.275,1582.025,1771.075,1600.05
29.583,1732.45,1582.025,1771.075,1601.55
29.6,1733.95,1582.025,1771.075,1601.925
29.617,1735.45,1582.275,1771.075,1601.925
29.633,1736.95,1583.775,1771.075,1601.925
29.65,1738.45,1585.275,1771.075,1601.925
29.667,1739.95,1586.775,1772.0,1601.925
29.683,1741.45,1588.275,1773.5,1601.925
29.7,1742.95,1589.775,1775.0,1601.925
29.717,1744.45,1591.275,1776.5,1601.925
29.733,1745.95,1591.975,1778.0,1601.925
29.75,1747.45,1591.975,1779.5,1601.925
29.767,1748.95,1591.975,1781.0,1601.925
29.783,1750.45,1591.975,1781.025,1601.925
29.8,1751.175,1591.975,1781.025,1601.925
29.817,1751.175,1591.975,1781.025,1601.925
29.833,1751.175,1591.975,1781.025,1601.925
29.85,1751.175,1591.975,1781.025,1601.925
29.867,1751.175,1591.975,1781.025,1601.925
29.883,1751.175,1591.975,1781.025,1603.4
29.9,1751.175,1591.975,1782.525,1604.9
29.917,1751.175,1591.975,1784.025,1606.4
29.933,1751.175,1591.975,1785.525,1607.9
29.95,1751.3,1591.975,1787.025,1609.4
29.967,1752.8,1591.975,1788.525,1610.9
29.983,1754.3,1591.975,1790.025,1612.4
30.0,1755.8,1593.175,1790.975,1613.9
30.017,1757.3,1594.675,1790.975,1615.4
30.033,1758.8,1596.175,1790.975,1616.9
30.05,1760.3,1597.675,1790.975,1618.4
30.067,1761.125,1599.175,1790.975,1619.9
30.083,1761.125,1600.675,1790.975,1621.4
30.1,1761.125,1601.925,1790.975,1621.825
30.117,1762.275,1601.975,1790.975,1621.825
30.133,1763.775,1603.475,1790.975,1621.825
30.15,1765.275,1604.975,1790.975,1621.825
30.167,1766.775,1606.475,1790.975,1621.825
30.183,1768.275,1607.975,1790.975,1621.825
30.2,1769.775,1609.475,1790.975,1621.825
30.217,1771.075,1610.975,1791.2,1621.825
30.233,1771.075,1611.875,1792.7,1621.825
30.25,1771.075,1611.875,1794.2,1621.825
30.267,1771.075,1611.875,1795.7,1621.825
30.283,1771.075,1611.875,1797.2,1621.825
30.3,1771.075,1611.875,1798.7,1621.825
30.317,1771.075,1611.875,1800.2,1622.925
30.333,1771.075,1611.875,1801.7,1624.425
30.35,1771.075,1611.875,1803.2,1625.925
30.367,1771.075,1611.875,1804.7,1627.425
30.383,1771.075,1611.875,1806.2,1628.925
30.4,1771.075,1611.875,1807.7,1630.425
30.417,1771.65,1611.875,1809.2,1631.775
30.433,1773.15,1611.875,1810.7,1631.775
30.45,1774.65,1613.325,1810.875,1631.775
30.467,1776.15,1614.825,1810.875,1631.775
30.483,1777.65,1616.325,1810.875,1632.775
30.5,1779.15,1617.825,1811.025,1634.275
30.517,1780.65,1619.325,1812.525,1635.775
30.533,1781.025,1620.825,1814.025,1637.275
30.55,1781.025,1621.825,1815.525,1638.775
30.567,1781.025,1621.825,1817.025,1640.275
30.583,1781.025,1621.825,1818.525,1641.725
30.6,1781.025,1621.825,1820.025,1641.725
30.617,1781.025,1622.475,1820.825,1641.725
30.633,1781.025,1623.975,1820.825,1641.725
30.65,1781.025,1625.475,1820.825,1641.725
30.667,1781.025,1626.975,1820.825,1641.725
30.683,1781.025,1628.475,1820.825,1641.725
30.7,1781.025,1629.975,1820.825,1641.725
30.717,1781.025,1631.475,1820.825,1641.725
30.733,1781.975,1631.775,1820.825,1641.95
30.75,1783.475,1631.775,1820.825,1643.45
30.767,1784.975,1631.775,1820.825,1644.95
30.783,1786.475,1631.775,1820.825,1646.45
30.8,1787.975,1631.775,1822.15,1647.95
30.817,1789.475,1631.775,1823.65,1649.45
30.833,1790.975,1631.775,1825.15,1650.95
30.85,1790.975,1631.775,1826.65,1651.675
30.867,1790.975,1632.4,1828.15,1651.675
30.883,1790.975,1633.9,1829.65,1651.675
30.9,1790.975,1635.4,1830.775,1651.675
30.917,1790.975,1636.9,1830.775,1651.675
30.933,1791.2,1638.4,1830.775,1651.675
30.95,1792.7,1639.9,1830.775,1651.675
30.967,1794.2,1641.4,1830.775,1651.675
30.983,1795.7,1641.725,1830.775,1651.675
31.0,1797.2,1641.725,1830.775,1651.675
31.017,1798.7,1641.725,1831.225,1651.675
31.033,1800.2,1641.725,1832.725,1651.675
31.05,1801.7,1641.725,1834.225,1651.675
31.067,1803.2,1641.725,1835.725,1651.675
31.083,1804.7,1641.725,1837.225,1651.675
31.1,1806.2,1641.725,1838.725,1651.675
31.117,1807.7,1641.725,1840.225,1651.675
31.133,1809.2,1641.725,1840.725,1651.675
31.15,1810.7,1641.725,1840.725,1651.675
31.167,1810.875,1641.725,1840.725,1651.675
31.183,1810.875,1641.725,1840.725,1651.675
31.2,1810.875,1641.725,1840.725,1651.675
31.217,1810.875,1641.725,1842.1,1651.675
31.233,1810.875,1641.725,1843.6,1652.925
31.25,1812.225,1641.725,1845.1,1654.425
31.267,1813.725,1641.725,1846.6,1655.925
31.283,1815.225,1641.725,1848.1,1657.425
31.3,1816.725,1641.725,1849.6,1658.925
31.317,1818.225,1641.725,1850.675,1660.425
31.333,1819.725,1641.725,1850.675,1661.625
31.35,1821.225,1641.725,1850.675,1661.625
31.367,1822.725,1643.175,1850.675,1661.625
31.383,1824.225,1644.675,1850.675,1661.625
31.4,1825.725,1646.175,1850.675,1661.625
31.417,1827.225,1647.675,1850.675,1661.625
31.433,1828.725,1649.175,1850.675,1661.625
31.45,1830.225,1650.675,1850.675,1661.625
31.467,1830.775,1651.675,1850.675,1661.625
31.483,1830.775,1651.675,1850.675,1661.625
31.5,1830.775,1651.675,1850.675,1661.625
31.517,1830.775,1651.675,1851.05,1661.625
31.533,1830.775,1651.675,1852.55,1661.625
31.55,1830.775,1651.675,1854.05,1661.625
31.567,1830.775,1651.675,1855.55,1661.625
31.583,1830.775,1651.675,1857.05,1661.625
31.6,1830.775,1651.675,1858.55,1661.625
31.617,1830.775,1651.675,1860.05,1661.625
31.633,1832.175,1651.675,1861.225,1661.625
31.65,1833.675,1651.675,1862.725,1661.625
31.667,1835.175,1651.675,1864.225,1661.625
31.683,1836.675,1651.675,1865.725,1661.625
31.7,1838.175,1651.675,1867.225,1661.625
31.717,1839.675,1651.675,1868.725,1661.625
31.733,1840.725,1651.675,1870.225,1662.825
31.75,1841.6,1651.675,1870.575,1664.325
31.767,1843.1,1651.675,1870.575,1665.825
31.783,1844.6,1651.675,1870.575,1667.325
31.8,1846.1,1651.675,1870.575,1668.825
31.817,1847.6,1651.675,1870.575,1670.325
31.833,1849.1,1651.675,1870.575,1671.825
31.85,1850.6,1651.675,1870.575,1673.325
31.867,1850.675,1653.175,1870.575,1674.825
31.883,1850.675,1654.675,1870.575,1676.325
31.9,1850.675,1656.175,1871.0,1677.825
31.917,1850.675,1657.675,1872.5,1679.325
31.933,1850.675,1659.175,1874.0,1680.825
31.95,1850.675,1660.675,1875.5,1681.525
31.967,1850.675,1662.125,1877.0,1681.525
31.983,1850.675,1663.625,1878.5,1681.525
32.0,1850.675,1665.125,1880.0,1681.525
32.017,1850.675,1666.625,1880.525,1681.525
32.033,1850.675,1668.125,1880.525,1681.525
32.05,1850.675,1669.625,1880.525,1681.525
32.067,1851.375,1671.125,1880.525,1681.525
32.083,1852.875,1671.575,1880.525,1681.525
32.1,1854.375,1671.575,1880.525,1681.525
32.117,1855.875,1671.575,1880.525,1682.675
32.133,1857.375,1671.575,1880.525,1684.175
32.15,1858.875,1671.575,1880.525,1685.675
32.167,1860.375,1671.575,1880.525,1687.175
32.183,1860.625,1671.575,1880.525,1688.675
32.2,1860.625,1671.575,1880.525,1690.175
32.217,1860.625,1671.575,1881.2,1691.475
32.233,1860.625,1671.575,1882.7,1691.475
32.25,1860.625,1673.025,1884.2,1691.475
32.267,1860.625,1674.525,1885.7,1691.475
32.283,1860.625,1676.025,1887.2,1691.475
32.3,1860.625,1677.525,1888.7,1691.475
32.317,1860.625,1679.025,1890.2,1691.475
32.333,1860.625,1680.525,1891.7,1691.475
32.35,1860.625,1681.525,1893.2,1691.475
32.367,1860.625,1681.525,1894.7,1691.475
32.383,1860.625,1681.525,1896.2,1691.475
32.4,1860.675,1681.525,1897.7,1691.475
32.417,1862.175,1681.525,1899.2,1692.4
32.433,1863.675,1681.525,1900.425,1693.9
32.45,1865.175,1681.525,1900.425,1695.4
32.467,1866.675,1681.525,1900.425,1696.9
32.483,1868.175,1681.525,1900.425,1698.4
32.5,1869.675,1681.525,1900.425,1699.9
32.517,1870.925,1681.525,1900.425,1701.4
32.533,1872.425,1681.525,1900.425,1701.425
32.55,1873.925,1682.325,1900.425,1701.425
32.567,1875.425,1683.825,1900.425,1701.425
32.583,1876.925,1685.325,1900.425,1701.425
32.6,1878.425,1686.825,1901.925,1701.425
32.617,1879.925,1688.325,1903.425,1701.425
32.633,1880.525,1689.825,1904.925,1701.425
32.65,1880.525,1691.325,1906.425,1701.425
32.667,1880.525,1691.475,1907.925,1701.425
32.683,1880.525,1691.475,1909.425,1701.425
32.7,1880.525,1691.475,1910.375,1701.425
32.717,1880.525,1691.475,1910.375,1701.525
32.733,1880.525,1691.475,1910.375,1703.025
32.75,1880.525,1691.475,1910.375,1704.525
32.767,1880.525,1691.475,1910.375,1706.025
32.783,1880.525,1691.475,1910.375,1707.525
32.8,1881.1,1691.475,1910.375,1709.025
32.817,1882.6,1691.475,1911.55,1710.525
32.833,1884.1,1691.475,1913.05,1711.375
32.85,1885.6,1691.475,1914.55,1711.375
32.867,1887.1,1692.775,1916.05,1711.375
32.883,1888.6,1694.275,1917.55,1711.375
32.9,1890.1,1695.775,1919.05,1711.375
32.917,1890.625,1697.275,1920.325,1711.375
32.933,1892.125,1698.775,1920.325,1711.375
32.95,1893.625,1700.275,1920.325,1711.375
32.967,1895.125,1701.425,1920.325,1711.375
32.983,1896.625,1701.425,1920.325,1711.375
33.0,1898.125,1701.425,1920.325,1711.375
33.017,1899.625,1701.425,1920.325,1712.075
33.033,1900.425,1701.425,1920.325,1713.575
33.05,1900.425,1701.425,1920.325,1715.075
33.067,1900.425,1701.425,1920.325,1716.575
33.083,1900.425,1701.425,1920.325,1718.075
33.1,1900.425,1701.425,1920.325,1719.575
33.117,1900.425,1701.425,1921.35,1721.075
33.133,1900.425,1701.425,1922.85,1721.325
33.15,1900.425,1701.95,1924.35,1721.325
33.167,1900.425,1703.45,1925.85,1721.325
33.183,1900.425,1704.95,1927.35,1721.325
33.2,1900.425,1706.45,1928.85,1721.325
33.217,1900.425,1707.95,1930.275,1721.325
33.233,1901.725,1709.45,1931.5,1721.325
33.25,1903.225,1710.95,1933.0,1721.325
33.267,1904.725,1711.375,1934.5,1721.325
33.283,1906.225,1711.375,1936.0,1721.325
33.3,1907.725,1711.375,1937.5,1721.325
33.317,1909.225,1711.375,1939.0,1721.325
33.333,1910.725,1711.375,1940.225,1721.325
33.35,1912.225,1711.375,1940.225,1721.325
33.367,1913.725,1711.375,1940.225,1721.325
33.383,1915.225,1711.375,1940.225,1721.325
33.4,1916.725,1711.375,1940.225,1721.325
33.417,1918.225,1711.375,1940.225,1721.325
33.433,1919.725,1711.375,1940.225,1721.325
33.45,1920.325,1711.375,1940.225,1722.6
33.467,1920.325,1711.375,1940.225,1724.1
33.483,1920.325,1711.375,1940.225,1725.6
33.5,1920.325,1711.375,1941.5,1727.1
33.517,1920.325,1711.375,1943.0,1728.6
33.533,1920.325,1711.375,1944.5,1730.1
33.55,1920.325,1711.375,1946.0,1731.275
33.567,1920.325,1712.075,1947.5,1731.275
33.583,1920.325,1713.575,1949.0,1731.275
33.6,1920.325,1715.075,1950.5,1731.275
33.617,1920.325,1716.575,1952.0,1731.275
33.633,1920.325,1718.075,1953.5,1731.275
33.65,1920.45,1719.575,1955.0,1731.275
33.667,1921.95,1721.075,1956.5,1731.275
33.683,1923.45,1721.325,1958.0,1731.275
33.7,1924.95,1721.325,1959.5,1731.65
33.717,1926.45,1721.325,1960.125,1733.15
33.733,1927.95,1721.325,1960.125,1734.65
33.75,1929.45,1721.325,1960.125,1736.15
33.767,1930.275,1721.325,1960.125,1737.65
33.783,1930.275,1721.325,1960.125,1739.15
33.8,1930.275,1721.325,1960.125,1740.65
33.817,1930.275,1721.325,1960.125,1741.225
33.833,1930.275,1721.325,1960.125,1741.225
33.85,1930.275,1722.375,1960.125,1741.225
33.867,1930.275,1723.875,1960.125,1741.225
33.883,1930.275,1725.375,1960.125,1741.225
33.9,1930.275,1726.875,1960.6,1741.225
33.917,1930.275,1728.375,1962.1,1741.225
33.933,1930.275,1729.875,1963.6,1741.225
33.95,1930.275,1731.275,1965.1,1741.225
33.967,1930.275,1731.275,1966.6,1741.225
33.983,1930.275,1731.275,1968.1,1741.225
34.0,1931.1,1731.275,1969.6,1741.225
34.017,1932.6,1731.275,1970.075,1741.225
34.033,1934.1,1731.275,1970.075,1741.225
34.05,1935.6,1731.275,1970.075,1741.225
34.067,1937.1,1731.275,1970.075,1741.225
34.083,1938.6,1731.275,1970.075,1741.225
34.1,1940.1,1731.275,1970.075,1741.225
34.117,1940.225,1731.275,1970.075,1741.225
34.133,1940.225,1731.275,1970.075,1741.225
34.15,1940.225,1731.275,1970.075,1741.225
34.167,1940.225,1731.275,1970.075,1741.225
34.183,1940.225,1731.275,1970.075,1741.225
34.2,1940.225,1731.275,1970.25,1741.225
34.217,1940.225,1731.275,1971.75,1741.225
34.233,1940.225,1731.275,1973.25,1741.225
34.25,1940.225,1731.275,1974.75,1741.225
34.267,1940.225,1731.275,1976.25,1741.225
34.283,1940.225,1731.275,1977.75,1741.225
34.3,1940.225,1731.275,1979.25,1741.225
34.317,1941.45,1731.275,1980.75,1741.225
34.333,1942.95,1731.275,1982.25,1741.225
34.35,1944.45,1731.275,1983.75,1741.225
34.367,1945.95,1731.275,1985.25,1741.225
34.383,1947.45,1731.275,1986.75,1741.225
34.4,1948.95,1731.275,1988.25,1741.225
34.417,1950.2,1731.275,1989.75,1741.225
34.433,1951.7,1731.275,1989.975,1741.225
34.45,1953.2,1731.275,1989.975,1741.225
34.467,1954.7,1731.275,1989.975,1741.225
34.483,1956.2,1731.275,1989.975,1741.225
34.5,1957.7,1731.275,1989.975,1741.225
34.517,1959.2,1731.275,1989.975,1742.5
34.533,1960.125,1731.275,1989.975,1744.0
34.55,1960.125,1731.275,1989.975,1745.5
34.567,1960.125,1731.275,1989.975,1747.0
34.583,1960.125,1731.275,1990.1,1748.5
34.6,1960.125,1731.275,1991.6,1750.0
34.617,1960.125,1731.275,1993.1,1751.175
34.633,1960.125,1731.275,1994.6,1751.175
34.65,1960.125,1732.525,1996.1,1751.175
34.667,1960.125,1734.025,1997.6,1751.175
34.683,1960.125,1735.525,1999.1,1751.175
34.7,1960.125,1737.025,1999.925,1751.175
34.717,1960.125,1738.525,1999.925,1751.175
34.733,1960.125,1740.025,1999.925,1751.175
34.75,1960.525,1741.225,1999.925,1751.175
34.767,1962.025,1741.225,1999.925,1751.175
34.783,1963.525,1741.225,1999.925,1751.175
34.8,1965.025,1741.225,1999.925,1752.375
34.817,1966.525,1741.225,1999.925,1753.875
34.833,1968.025,1741.225,1999.925,1755.375
34.85,1969.525,1741.225,1999.925,1756.875
34.867,1970.075,1741.225,1999.925,1758.375
34.883,1970.075,1741.225,1999.925,1759.875
34.9,1970.075,1741.225,1999.925,1761.125
34.917,1970.075,1741.225,1999.925,1761.125
34.933,1970.075,1741.8,1999.925,1761.125
34.95,1970.075,1743.3,1999.925,1761.125
34.967,1970.075,1744.8,1999.925,1761.125
34.983,1970.075,1746.3,1999.95,1761.125
35.0,1970.075,1747.8,2001.45,1761.125
35.017,1970.075,1749.3,2002.95,1761.125
35.033,1970.075,1750.8,2004.45,1761.125
35.05,1970.075,1751.175,2005.95,1761.125
35.067,1970.075,1751.175,2007.45,1761.125
35.083,1970.075,1751.175,2008.95,1761.125
35.1,1970.55,1751.175,2009.875,1761.125
35.117,1972.05,1751.175,2009.875,1761.125
35.133,1973.55,1751.175,2009.875,1761.125
35.15,1975.05,1751.175,2009.875,1761.125
35.167,1976.55,1751.175,2009.875,1761.125
35.183,1978.05,1751.175,2009.875,1761.125
35.2,1979.55,1751.175,2009.875,1761.125
35.217,1980.025,1751.175,2009.875,1761.125
35.233,1980.025,1751.175,2009.875,1761.125
35.25,1980.025,1751.175,2009.875,1761.125
35.267,1980.025,1751.175,2009.875,1761.125
35.283,1980.025,1751.175,2010.375,1761.125
35.3,1980.025,1751.175,2011.875,1761.125
35.317,1980.025,1751.175,2013.375,1761.125
35.333,1980.025,1751.175,2014.875,1761.125
35.35,1980.025,1751.175,2016.375,1761.125
35.367,1980.025,1751.175,2017.875,1761.125
35.383,1980.125,1751.175,2019.375,1761.125
35.4,1981.625,1751.175,2020.5,1761.125
35.417,1983.125,1751.175,2022.0,1761.125
35.433,1984.625,1751.175,2023.5,1761.125
35.45,1986.125,1751.175,2025.0,1761.125
35.467,1987.625,1751.175,2026.5,1761.125
35.483,1989.125,1751.175,2028.0,1761.125
35.5,1989.975,1751.175,2029.5,1761.125
35.517,1991.15,1751.175,2029.775,1761.125
35.533,1992.65,1751.175,2029.775,1761.125
35.55,1994.15,1751.175,2029.775,1761.125
35.567,1995.65,1751.175,2029.775,1761.125
35.583,1997.15,1751.175,2029.775,1761.125
35.6,1998.65,1751.175,2029.775,1761.125
35.617,1999.925,1751.175,2029.775,1761.725
35.633,1999.925,1751.175,2029.775,1763.225
35.65,1999.925,1751.175,2029.775,1764.725
35.667,1999.925,1751.175,2029.775,1766.225
35.683,1999.925,1751.175,2030.725,1767.725
35.7,1999.925,1751.175,2032.225,1769.225
35.717,1999.925,1751.175,2033.725,1770.725
35.733,1999.925,1751.175,2035.225,1771.075
35.75,1999.925,1751.525,2036.725,1771.075
35.767,1999.925,1753.025,2038.225,1771.075
35.783,1999.925,1754.525,2039.725,1771.075
35.8,1999.925,1756.025,2039.725,1771.075
35.817,1999.925,1757.525,2039.725,1771.075
35.833,1999.925,1759.025,2039.725,1771.075
35.85,2000.875,1760.525,2039.725,1771.075
35.867,2002.375,1761.125,2039.725,1771.075
35.883,2003.875,1761.125,2039.725,1771.4
35.9,2005.375,1761.125,2039.725,1772.9
35.917,2006.875,1761.125,2039.725,1774.4
35.933,2008.375,1761.125,2039.725,1775.9
35.95,2009.875,1761.125,2039.725,1777.4
35.967,2009.875,1761.125,2039.725,1778.9
35.983,2009.875,1761.125,2039.725,1780.4
36.0,2009.875,1761.125,2039.725,1781.025
36.017,2009.875,1761.25,2039.725,1781.025
36.033,2009.875,1762.75,2039.725,1781.025
36.05,2009.875,1764.25,2039.725,1781.025
36.067,2009.875,1765.75,2039.725,1781.025
36.083,2009.875,1767.25,2039.725,1781.025
36.1,2009.875,1768.75,2039.725,1781.025
36.117,2009.875,1770.25,2039.725,1781.025
36.133,2009.875,1771.075,2040.625,1781.025
36.15,2009.875,1771.075,2042.125,1781.025
36.167,2009.875,1771.075,2043.625,1781.025
36.183,2009.875,1771.075,2045.125,1781.025
36.2,2009.875,1771.075,2046.625,1781.025
36.217,2009.875,1771.075,2048.125,1781.025
36.233,2009.875,1771.075,2049.625,1781.025
36.25,2011.3,1771.075,2049.675,1781.025
36.267,2012.8,1771.075,2049.675,1781.025
36.283,2014.3,1771.075,2049.675,1781.025
36.3,2015.8,1771.075,2049.675,1781.025
36.317,2017.3,1771.075,2049.675,1781.025
36.333,2018.8,1771.075,2049.675,1781.025
36.35,2019.825,1771.075,2049.675,1781.025
36.367,2019.825,1771.075,2049.725,1781.025
36.383,2019.825,1771.075,2051.225,1781.025
36.4,2019.825,1771.075,2052.725,1781.025
36.417,2019.825,1771.075,2054.225,1781.025
36.433,2019.825,1771.075,2055.725,1781.025
36.45,2019.825,1771.075,2057.225,1781.025
36.467,2021.25,1771.075,2058.725,1781.025
36.483,2022.75,1771.075,2059.625,1781.025
36.5,2024.25,1771.075,2059.625,1781.025
36.517,2025.75,1771.075,2059.95,1781.025
36.533,2027.25,1771.075,2061.45,1781.025
36.55,2028.75,1771.075,2062.95,1781.025
36.567,2030.25,1771.075,2064.45,1781.025
36.583,2031.75,1771.075,2065.95,1781.025
36.6,2033.25,1771.075,2067.45,1781.025
36.617,2034.75,1771.075,2068.95,1781.025
36.633,2036.25,1771.075,2069.575,1781.025
36.65,2037.75,1771.075,2069.575,1781.025
36.667,2039.25,1771.075,2069.575,1781.025
36.683,2040.75,1771.075,2069.575,1781.025
36.7,2042.25,1771.075,2069.575,1781.025
36.717,2043.75,1771.075,2069.575,1781.025
36.733,2045.25,1771.075,2069.575,1781.875
