step,reward,cumulate reward
0.25,1.0,9.5
0.333,4.0,13.5
0.417,2.5,16.0
0.5,1.5,17.5
0.583,4.0,21.5
0.667,2.5,24.0
0.75,2.5,26.5
0.833,3.0,29.5
0.917,2.5,32.0
1.0,3.0,35.0
1.083,3.0,38.0
1.167,3.5,41.5
1.25,3.0,44.5
1.333,1.5,46.0
1.417,3.5,49.5
1.5,3.5,53.0
1.583,3.5,56.5
1.667,2.0,58.5
1.75,4.0,62.5
1.833,0.5,63.0
1.917,1.5,64.5
2.0,4.0,68.5
2.083,3.5,72.0
2.167,2.5,74.5
2.25,3.0,77.5
2.333,4.0,81.5
2.417,1.5,83.0
2.5,4.5,87.5
2.583,3.0,90.5
2.667,2.5,93.0
2.75,3.0,96.0
2.833,1.5,97.5
2.917,3.5,101.0
3.0,2.5,103.5
3.083,2.5,106.0
3.167,2.0,108.0
3.25,3.5,111.5
3.333,2.0,113.5
3.417,4.0,117.5
3.5,3.5,121.0
3.583,2.5,123.5
3.667,2.5,126.0
3.75,4.0,130.0
3.833,1.5,131.5
3.917,3.5,135.0
4.0,4.0,139.0
4.083,1.0,140.0
4.167,4.0,144.0
4.25,3.0,147.0
4.333,2.0,149.0
4.417,4.0,153.0
4.5,2.5,155.5
4.583,4.0,159.5
4.667,1.5,161.0
4.75,4.0,165.0
4.833,3.5,168.5
4.917,3.0,171.5
5.0,3.0,174.5
5.083,3.5,178.0
5.167,3.0,181.0
5.25,3.0,184.0
5.333,2.5,186.5
5.417,4.0,190.5
5.5,2.0,192.5
5.583,1.5,194.0
5.667,5.0,199.0
5.75,4.0,203.0
5.833,1.0,204.0
5.917,3.0,207.0
6.0,3.0,210.0
6.083,4.0,214.0
6.167,3.0,217.0
6.25,2.5,219.5
6.333,2.5,222.0
6.417,3.5,225.5
6.5,3.5,229.0
6.583,3.5,232.5
6.667,2.0,234.5
6.75,2.0,236.5
6.833,2.0,238.5
6.917,3.0,241.5
7.0,2.5,244.0
7.083,3.0,247.0
7.167,4.0,251.0
7.25,2.0,253.0
7.333,3.0,256.0
7.417,3.5,259.5
7.5,2.5,262.0
7.583,3.5,265.5
7.667,2.0,267.5
7.75,2.5,270.0
7.833,5.0,275.0
7.917,3.0,278.0
8.0,2.0,280.0
8.083,4.0,284.0
8.167,2.5,286.5
8.25,5.0,291.5
8.333,1.5,293.0
8.417,2.0,295.0
8.5,3.5,298.5
8.583,3.5,302.0
8.667,3.0,305.0
8.75,3.5,308.5
8.833,3.0,311.5
8.917,3.0,314.5
9.0,3.0,317.5
9.083,3.5,321.0
9.167,3.5,324.5
9.25,2.0,326.5
9.333,3.0,329.5
9.417,3.5,333.0
9.5,2.5,335.5
9.583,1.0,336.5
9.667,3.0,339.5
9.75,3.0,342.5
9.833,3.5,346.0
9.917,2.5,348.5
10.0,1.5,350.0
10.083,4.5,354.5
10.167,3.5,358.0
10.25,2.5,360.5
10.333,3.5,364.0
10.417,2.5,366.5
10.5,4.5,371.0
10.583,3.0,374.0
10.667,1.5,375.5
10.75,3.5,379.0
10.833,2.0,381.0
10.917,4.0,385.0
11.0,2.0,387.0
11.083,1.0,388.0
11.167,4.0,392.0
11.25,4.0,396.0
11.333,2.5,398.5
11.417,2.0,400.5
11.5,4.5,405.0
11.583,2.5,407.5
11.667,2.0,409.5
11.75,4.0,413.5
11.833,1.5,415.0
11.917,3.0,418.0
12.0,4.5,422.5
12.083,2.5,425.0
12.167,1.0,426.0
12.25,3.0,429.0
12.333,2.5,431.5
12.417,3.5,435.0
12.5,4.0,439.0
12.583,2.5,441.5
12.667,3.0,444.5
12.75,3.5,448.0
12.833,2.0,450.0
12.917,4.0,454.0
13.0,2.5,456.5
13.083,4.0,460.5
13.167,2.5,463.0
13.25,2.0,465.0
13.333,2.0,467.0
13.417,3.5,470.5
13.5,4.5,475.0
13.583,2.5,477.5
13.667,1.0,478.5
13.75,4.0,482.5
13.833,2.5,485.0
13.917,3.0,488.0
14.0,3.0,491.0
14.083,2.0,493.0
14.167,4.5,497.5
14.25,3.5,501.0
14.333,1.5,502.5
14.417,3.5,506.0
14.5,3.0,509.0
14.583,4.5,513.5
14.667,2.0,515.5
14.75,2.5,518.0
14.833,2.5,520.5
14.917,4.0,524.5
15.0,2.5,527.0
15.083,3.0,530.0
15.167,1.5,531.5
15.25,1.5,533.0
15.333,4.0,537.0
15.417,3.0,540.0
15.5,3.5,543.5
15.583,1.5,545.0
15.667,2.0,547.0
15.75,1.0,548.0
15.833,3.0,551.0
15.917,4.0,555.0
16.0,3.0,558.0
16.083,1.0,559.0
16.167,3.5,562.5
16.25,1.5,564.0
16.333,3.5,567.5
16.417,3.0,570.5
16.5,2.5,573.0
16.583,2.0,575.0
16.667,3.5,578.5
16.75,2.0,580.5
16.833,3.0,583.5
16.917,1.5,585.0
17.0,1.5,586.5
17.083,4.0,590.5
17.167,2.5,593.0
17.25,2.5,595.5
17.333,2.0,597.5
17.417,3.0,600.5
17.5,2.5,603.0
17.583,3.0,606.0
17.667,1.5,607.5
17.75,3.0,610.5
17.833,3.5,614.0
17.917,2.0,616.0
18.0,2.0,618.0
18.083,2.5,620.5
18.167,3.0,623.5
18.25,3.5,627.0
18.333,1.5,628.5
18.417,2.5,631.0
18.5,3.0,634.0
18.583,1.5,635.5
18.667,3.5,639.0
18.75,2.5,641.5
18.833,1.5,643.0
18.917,3.0,646.0
19.0,1.0,647.0
19.083,2.5,649.5
19.167,1.5,651.0
19.25,1.0,652.0
19.333,3.5,655.5
19.417,0.5,656.0
19.5,3.0,659.0
19.583,2.5,661.5
19.667,3.0,664.5
19.75,1.5,666.0
19.833,2.0,668.0
19.917,2.5,670.5
20.0,3.0,673.5
20.083,1.5,675.0
20.167,2.5,677.5
20.25,2.0,679.5
20.333,2.0,681.5
20.417,2.0,683.5
20.5,2.0,685.5
20.583,3.0,688.5
20.667,1.5,690.0
20.75,1.5,691.5
20.833,2.5,694.0
20.917,1.0,695.0
21.0,2.0,697.0
21.083,2.0,699.0
21.167,1.5,700.5
21.25,3.0,703.5
21.333,1.5,705.0
21.417,2.0,707.0
21.5,1.0,708.0
21.583,3.5,711.5
21.667,2.0,713.5
21.75,1.5,715.0
21.833,2.5,717.5
21.917,2.0,719.5
22.0,3.0,722.5
22.083,1.0,723.5
22.167,3.0,726.5
22.25,2.0,728.5
22.333,2.0,730.5
22.417,0.5,731.0
22.5,2.5,733.5
22.583,2.0,735.5
22.667,1.0,736.5
22.75,2.0,738.5
22.833,2.5,741.0
22.917,3.0,744.0
23.0,0.5,744.5
23.083,1.5,746.0
23.167,2.5,748.5
23.25,0.5,749.0
23.333,1.5,750.5
23.417,2.0,752.5
23.5,3.5,756.0
23.583,1.0,757.0
23.667,1.5,758.5
23.75,1.5,760.0
23.833,3.0,763.0
23.917,2.0,765.0
24.0,0.0,765.0
24.083,0.0,765.0
24.167,0.0,765.0
24.25,0.0,765.0
24.333,0.0,765.0
24.417,0.0,765.0
24.5,0.0,765.0
24.583,0.5,765.5
24.667,0.5,766.0
24.75,0.5,766.5
24.833,0.0,766.5
24.917,1.0,767.5
25.0,0.0,767.5
25.083,1.0,768.5
25.167,0.0,768.5
25.25,1.0,769.5
25.333,0.5,770.0
25.417,0.5,770.5
25.5,0.5,771.0
25.583,0.5,771.5
25.667,0.5,772.0
25.75,0.5,772.5
25.833,0.5,773.0
25.917,0.5,773.5
26.0,0.5,774.0
26.083,0.0,774.0
26.167,0.5,774.5
26.25,0.5,775.0
26.333,0.5,775.5
26.417,0.5,776.0
26.5,0.0,776.0
26.583,1.0,777.0
26.667,0.0,777.0
26.75,0.0,777.0
26.833,1.0,778.0
26.917,0.0,778.0
27.0,1.0,779.0
27.083,0.5,779.5
27.167,0.0,779.5
27.25,1.0,780.5
27.333,0.5,781.0
27.417,1.0,782.0
27.5,1.0,783.0
27.583,0.5,783.5
27.667,1.0,784.5
27.75,1.0,785.5
27.833,1.0,786.5
27.917,1.0,787.5
28.0,0.0,787.5
28.083,1.0,788.5
28.167,1.0,789.5
28.25,1.0,790.5
28.333,0.0,790.5
28.417,1.5,792.0
28.5,1.0,793.0
28.583,0.0,793.0
28.667,0.5,793.5
28.75,1.5,795.0
28.833,1.0,796.0
28.917,1.0,797.0
29.0,0.0,797.0
29.083,1.0,798.0
29.167,1.0,799.0
29.25,1.0,800.0
29.333,0.5,800.5
29.417,1.0,801.5
29.5,1.0,802.5
29.583,1.0,803.5
29.667,0.0,803.5
29.75,1.0,804.5
29.833,1.0,805.5
29.917,1.0,806.5
30.0,1.5,808.0
30.083,0.5,808.5
30.167,0.0,808.5
30.25,1.0,809.5
30.333,1.5,811.0
30.417,0.5,811.5
30.5,0.5,812.0
30.583,0.5,812.5
30.667,1.0,813.5
30.75,1.0,814.5
30.833,0.5,815.0
30.917,1.0,816.0
31.0,0.5,816.5
31.083,1.0,817.5
31.167,1.0,818.5
31.25,0.5,819.0
31.333,0.5,819.5
31.417,1.0,820.5
31.5,1.0,821.5
31.583,0.5,822.0
31.667,0.5,822.5
31.75,1.0,823.5
31.833,0.5,824.0
31.917,0.5,824.5
32.0,0.5,825.0
32.083,0.0,825.0
32.167,1.0,826.0
32.25,0.0,826.0
32.333,0.5,826.5
32.417,0.5,827.0
32.5,0.0,827.0
32.583,1.0,828.0
32.667,0.0,828.0
32.75,0.0,828.0
32.833,1.0,829.0
32.917,0.0,829.0
33.0,1.0,830.0
33.083,0.0,830.0
33.167,0.5,830.5
33.25,0.5,831.0
33.333,1.0,832.0
33.417,0.0,832.0
33.5,1.0,833.0
33.583,0.0,833.0
33.667,1.0,834.0
33.75,0.5,834.5
33.833,0.5,835.0
33.917,0.0,835.0
34.0,1.0,836.0
34.083,0.5,836.5
34.167,0.5,837.0
34.25,0.0,837.0
34.333,1.0,838.0
34.417,0.5,838.5
34.5,0.5,839.0
34.583,0.5,839.5
34.667,0.5,840.0
34.75,0.0,840.0
34.833,1.0,841.0
34.917,0.0,841.0
35.0,0.5,841.5
35.083,1.0,842.5
35.167,1.0,843.5
35.25,0.5,844.0
35.333,1.5,845.5
35.417,0.5,846.0
35.5,1.0,847.0
35.583,0.0,847.0
35.667,1.5,848.5
35.75,1.5,850.0
35.833,1.0,851.0
35.917,1.0,852.0
36.0,0.5,852.5
36.083,1.0,853.5
36.167,1.5,855.0
36.25,1.0,856.0
36.333,1.0,857.0
36.417,0.5,857.5
36.5,1.0,858.5
36.583,2.0,860.5
36.667,1.0,861.5
36.75,1.0,862.5
36.833,0.0,862.5
36.917,2.0,864.5
37.0,0.0,864.5
37.083,1.5,866.0
37.167,1.0,867.0
37.25,1.5,868.5
37.333,1.5,870.0
37.417,1.0,871.0
37.5,0.5,871.5
37.583,1.5,873.0
37.667,1.5,874.5
37.75,2.0,876.5
37.833,1.5,878.0
37.917,0.5,878.5
38.0,1.0,879.5
38.083,2.5,882.0
38.167,1.0,883.0
38.25,0.5,883.5
38.333,2.0,885.5
38.417,1.5,887.0
38.5,1.0,888.0
38.583,1.0,889.0
38.667,1.5,890.5
38.75,2.0,892.5
38.833,1.0,893.5
38.917,1.0,894.5
39.0,2.0,896.5
39.083,1.0,897.5
39.167,0.5,898.0
39.25,2.0,900.0
39.333,1.5,901.5
39.417,1.0,902.5
39.5,1.5,904.0
39.583,1.0,905.0
39.667,1.5,906.5
39.75,1.0,907.5
39.833,1.5,909.0
39.917,1.0,910.0
40.0,1.5,911.5
40.083,1.5,913.0
40.167,1.5,914.5
40.25,1.0,915.5
40.333,1.5,917.0
40.417,2.0,919.0
40.5,0.0,919.0
40.583,1.5,920.5
40.667,1.0,921.5
40.75,2.5,924.0
40.833,1.0,925.0
40.917,1.5,926.5
41.0,2.0,928.5
41.083,1.5,930.0
41.167,1.5,931.5
41.25,2.5,934.0
41.333,2.5,936.5
41.417,1.0,937.5
41.5,1.0,938.5
41.583,2.5,941.0
41.667,3.0,944.0
41.75,2.0,946.0
41.833,1.0,947.0
41.917,1.5,948.5
42.0,2.5,951.0
42.083,2.5,953.5
42.167,1.0,954.5
42.25,1.0,955.5
42.333,3.5,959.0
42.417,0.5,959.5
42.5,1.5,961.0
42.583,2.5,963.5
42.667,2.5,966.0
42.75,1.5,967.5
42.833,2.0,969.5
42.917,1.5,971.0
43.0,1.5,972.5
43.083,2.0,974.5
43.167,2.0,976.5
43.25,1.5,978.0
43.333,1.5,979.5
43.417,3.5,983.0
43.5,0.5,983.5
43.583,1.5,985.0
43.667,2.5,987.5
43.75,1.5,989.0
43.833,1.0,990.0
43.917,2.5,992.5
44.0,1.5,994.0
44.083,1.5,995.5
44.167,2.5,998.0
44.25,2.0,1000.0
44.333,2.5,1002.5
44.417,0.5,1003.0
44.5,2.5,1005.5
44.583,1.5,1007.0
44.667,1.0,1008.0
44.75,2.5,1010.5
44.833,1.5,1012.0
44.917,2.5,1014.5
45.0,2.5,1017.0
45.083,1.5,1018.5
45.167,2.0,1020.5
45.25,1.0,1021.5
45.333,1.5,1023.0
45.417,2.5,1025.5
45.5,0.5,1026.0
45.583,2.5,1028.5
45.667,1.5,1030.0
45.75,1.5,1031.5
45.833,1.5,1033.0
45.917,2.5,1035.5
46.0,2.0,1037.5
46.083,2.0,1039.5
46.167,1.5,1041.0
46.25,2.5,1043.5
46.333,1.5,1045.0
46.417,2.5,1047.5
46.5,1.0,1048.5
46.583,2.0,1050.5
46.667,2.5,1053.0
46.75,2.0,1055.0
46.833,1.0,1056.0
46.917,1.5,1057.5
47.0,1.5,1059.0
47.083,2.5,1061.5
47.167,0.5,1062.0
47.25,3.0,1065.0
47.333,1.5,1066.5
47.417,1.5,1068.0
47.5,2.5,1070.5
47.583,2.0,1072.5
47.667,0.5,1073.0
47.75,2.0,1075.0
47.833,2.0,1077.0
47.917,1.5,1078.5
48.0,3.0,1081.5
48.083,0.5,1082.0
48.167,0.0,1082.0
48.25,0.0,1082.0
48.333,0.5,1082.5
48.417,0.0,1082.5
48.5,0.5,1083.0
48.583,0.0,1083.0
48.667,0.0,1083.0
48.75,0.5,1083.5
48.833,0.0,1083.5
48.917,0.5,1084.0
49.0,0.0,1084.0
49.083,0.0,1084.0
49.167,0.5,1084.5
49.25,0.0,1084.5
49.333,0.5,1085.0
49.417,0.0,1085.0
49.5,0.5,1085.5
49.583,0.5,1086.0
49.667,1.0,1087.0
49.75,0.5,1087.5
49.833,2.0,1089.5
49.917,0.5,1090.0
50.0,1.0,1091.0
50.083,0.5,1091.5
50.167,2.0,1093.5
50.25,1.0,1094.5
50.333,0.5,1095.0
50.417,1.0,1096.0
50.5,1.5,1097.5
50.583,1.0,1098.5
50.667,0.5,1099.0
50.75,2.0,1101.0
50.833,0.5,1101.5
50.917,0.5,1102.0
51.0,1.5,1103.5
51.083,2.0,1105.5
51.167,1.0,1106.5
51.25,1.0,1107.5
51.333,1.5,1109.0
51.417,1.0,1110.0
51.5,1.5,1111.5
51.583,1.5,1113.0
51.667,0.5,1113.5
51.75,2.0,1115.5
51.833,1.0,1116.5
51.917,2.0,1118.5
52.0,2.5,1121.0
52.083,0.0,1121.0
52.167,2.0,1123.0
52.25,1.0,1124.0
52.333,1.5,1125.5
52.417,1.5,1127.0
52.5,2.5,1129.5
52.583,0.5,1130.0
52.667,2.5,1132.5
52.75,2.0,1134.5
52.833,2.5,1137.0
52.917,0.5,1137.5
53.0,2.5,1140.0
53.083,2.0,1142.0
53.167,2.0,1144.0
53.25,1.0,1145.0
53.333,2.0,1147.0
53.417,2.5,1149.5
53.5,2.0,1151.5
53.583,2.0,1153.5
53.667,0.5,1154.0
53.75,2.5,1156.5
53.833,2.0,1158.5
53.917,1.5,1160.0
54.0,2.5,1162.5
54.083,2.5,1165.0
54.167,1.5,1166.5
54.25,2.0,1168.5
54.333,3.0,1171.5
54.417,3.0,1174.5
54.5,1.0,1175.5
54.583,1.0,1176.5
54.667,3.0,1179.5
54.75,2.0,1181.5
54.833,3.0,1184.5
54.917,1.5,1186.0
55.0,1.5,1187.5
55.083,2.0,1189.5
55.167,2.0,1191.5
55.25,2.0,1193.5
55.333,2.0,1195.5
55.417,2.5,1198.0
55.5,3.0,1201.0
55.583,1.5,1202.5
55.667,2.0,1204.5
55.75,1.5,1206.0
55.833,3.0,1209.0
55.917,3.0,1212.0
56.0,0.5,1212.5
56.083,1.5,1214.0
56.167,3.5,1217.5
56.25,1.0,1218.5
56.333,2.5,1221.0
56.417,3.0,1224.0
56.5,1.5,1225.5
56.583,1.5,1227.0
56.667,2.0,1229.0
56.75,2.5,1231.5
56.833,2.0,1233.5
56.917,2.0,1235.5
57.0,2.5,1238.0
57.083,1.5,1239.5
57.167,1.5,1241.0
57.25,1.5,1242.5
57.333,1.0,1243.5
57.417,3.0,1246.5
57.5,1.5,1248.0
57.583,2.5,1250.5
57.667,2.5,1253.0
57.75,1.5,1254.5
57.833,1.5,1256.0
57.917,2.5,1258.5
58.0,2.0,1260.5
58.083,1.5,1262.0
58.167,1.5,1263.5
58.25,2.5,1266.0
58.333,1.0,1267.0
58.417,1.5,1268.5
58.5,2.0,1270.5
58.583,2.5,1273.0
58.667,0.5,1273.5
58.75,2.0,1275.5
58.833,1.0,1276.5
58.917,2.0,1278.5
59.0,0.5,1279.0
59.083,1.5,1280.5
59.167,1.5,1282.0
59.25,1.5,1283.5
59.333,1.5,1285.0
59.417,1.5,1286.5
59.5,1.0,1287.5
59.583,1.0,1288.5
59.667,2.0,1290.5
59.75,1.5,1292.0
59.833,0.5,1292.5
59.917,1.5,1294.0
60.0,1.0,1295.0
60.083,2.5,1297.5
60.167,1.5,1299.0
60.25,0.5,1299.5
60.333,1.5,1301.0
60.417,1.0,1302.0
60.5,2.5,1304.5
60.583,0.5,1305.0
60.667,0.5,1305.5
60.75,2.0,1307.5
60.833,1.5,1309.0
60.917,1.0,1310.0
61.0,1.5,1311.5
61.083,1.5,1313.0
61.167,0.5,1313.5
61.25,1.0,1314.5
61.333,1.0,1315.5
61.417,1.5,1317.0
61.5,0.5,1317.5
61.583,1.5,1319.0
61.667,1.0,1320.0
61.75,1.5,1321.5
61.833,0.0,1321.5
61.917,0.5,1322.0
62.0,0.5,1322.5
62.083,1.0,1323.5
62.167,0.5,1324.0
62.25,0.5,1324.5
62.333,0.5,1325.0
62.417,0.5,1325.5
62.5,0.0,1325.5
62.583,1.5,1327.0
62.667,0.0,1327.0
62.75,1.0,1328.0
62.833,0.5,1328.5
62.917,0.5,1329.0
63.0,1.0,1330.0
63.083,0.5,1330.5
63.167,0.0,1330.5
63.25,1.0,1331.5
63.333,0.5,1332.0
63.417,0.5,1332.5
63.5,1.0,1333.5
63.583,1.0,1334.5
63.667,0.0,1334.5
63.75,0.5,1335.0
63.833,0.0,1335.0
63.917,0.5,1335.5
64.0,0.5,1336.0
64.083,0.5,1336.5
64.167,0.5,1337.0
64.25,1.5,1338.5
64.333,0.5,1339.0
64.417,0.5,1339.5
64.5,0.5,1340.0
64.583,0.5,1340.5
64.667,1.0,1341.5
64.75,0.5,1342.0
64.833,1.0,1343.0
64.917,0.0,1343.0
65.0,0.5,1343.5
65.083,0.5,1344.0
65.167,1.0,1345.0
65.25,0.5,1345.5
65.333,0.0,1345.5
65.417,1.0,1346.5
65.5,0.5,1347.0
65.583,0.0,1347.0
65.667,1.0,1348.0
65.75,0.5,1348.5
65.833,0.5,1349.0
65.917,1.0,1350.0
66.0,0.0,1350.0
66.083,1.0,1351.0
66.167,1.0,1352.0
66.25,0.5,1352.5
66.333,1.0,1353.5
66.417,1.0,1354.5
66.5,0.0,1354.5
66.583,0.0,1354.5
66.667,1.0,1355.5
66.75,1.0,1356.5
66.833,0.5,1357.0
66.917,1.5,1358.5
67.0,0.5,1359.0
67.083,0.0,1359.0
67.167,0.0,1359.0
67.25,0.5,1359.5
67.333,1.0,1360.5
67.417,1.0,1361.5
67.5,0.5,1362.0
67.583,0.5,1362.5
67.667,1.0,1363.5
67.75,1.0,1364.5
67.833,1.0,1365.5
67.917,0.5,1366.0
68.0,0.5,1366.5
68.083,1.0,1367.5
68.167,0.0,1367.5
68.25,1.0,1368.5
68.333,0.5,1369.0
68.417,0.5,1369.5
68.5,0.0,1369.5
68.583,0.5,1370.0
68.667,0.5,1370.5
68.75,0.5,1371.0
68.833,0.5,1371.5
68.917,1.0,1372.5
69.0,0.5,1373.0
69.083,0.5,1373.5
69.167,0.5,1374.0
69.25,0.0,1374.0
69.333,0.5,1374.5
69.417,0.5,1375.0
69.5,0.0,1375.0
69.583,1.0,1376.0
69.667,0.5,1376.5
69.75,0.5,1377.0
69.833,1.5,1378.5
69.917,0.5,1379.0
70.0,0.5,1379.5
70.083,0.5,1380.0
70.167,0.5,1380.5
70.25,1.0,1381.5
70.333,1.0,1382.5
70.417,1.0,1383.5
70.5,1.0,1384.5
70.583,1.0,1385.5
70.667,0.5,1386.0
70.75,1.0,1387.0
70.833,0.5,1387.5
70.917,1.0,1388.5
71.0,1.0,1389.5
71.083,0.5,1390.0
71.167,1.5,1391.5
71.25,2.0,1393.5
71.333,1.0,1394.5
71.417,1.0,1395.5
71.5,2.5,1398.0
71.583,1.0,1399.0
71.667,2.5,1401.5
71.75,2.5,1404.0
71.833,0.0,1404.0
71.917,2.0,1406.0
72.0,1.5,1407.5
72.083,0.0,1407.5
72.167,0.5,1408.0
72.25,0.0,1408.0
72.333,0.5,1408.5
72.417,0.0,1408.5
72.5,0.5,1409.0
72.583,0.5,1409.5
72.667,0.5,1410.0
72.75,0.0,1410.0
72.833,0.0,1410.0
72.917,0.0,1410.0
73.0,0.5,1410.5
73.083,0.5,1411.0
73.167,0.0,1411.0
73.25,0.0,1411.0
73.333,0.0,1411.0
73.417,0.0,1411.0
73.5,0.5,1411.5
73.583,0.5,1412.0
73.667,0.0,1412.0
73.75,0.0,1412.0
73.833,0.5,1412.5
73.917,0.5,1413.0
74.0,0.0,1413.0
74.083,1.0,1414.0
74.167,0.5,1414.5
74.25,0.5,1415.0
74.333,0.5,1415.5
74.417,0.0,1415.5
74.5,1.0,1416.5
74.583,1.5,1418.0
74.667,0.5,1418.5
74.75,0.5,1419.0
74.833,1.0,1420.0
74.917,0.5,1420.5
75.0,1.0,1421.5
75.083,1.0,1422.5
75.167,1.0,1423.5
75.25,0.0,1423.5
75.333,1.0,1424.5
75.417,1.0,1425.5
75.5,1.0,1426.5
75.583,0.5,1427.0
75.667,1.5,1428.5
75.75,0.5,1429.0
75.833,1.5,1430.5
75.917,0.5,1431.0
76.0,2.0,1433.0
76.083,2.0,1435.0
76.167,1.0,1436.0
76.25,0.5,1436.5
76.333,2.0,1438.5
76.417,1.5,1440.0
76.5,1.0,1441.0
76.583,0.5,1441.5
76.667,2.0,1443.5
76.75,1.5,1445.0
76.833,1.5,1446.5
76.917,1.5,1448.0
77.0,1.0,1449.0
77.083,1.0,1450.0
77.167,1.0,1451.0
77.25,1.0,1452.0
77.333,2.0,1454.0
77.417,1.0,1455.0
77.5,2.5,1457.5
77.583,1.0,1458.5
77.667,1.5,1460.0
77.75,1.0,1461.0
77.833,2.0,1463.0
77.917,2.0,1465.0
78.0,2.5,1467.5
78.083,0.5,1468.0
78.167,2.5,1470.5
78.25,2.0,1472.5
78.333,2.0,1474.5
78.417,1.0,1475.5
78.5,3.0,1478.5
78.583,2.0,1480.5
78.667,2.0,1482.5
78.75,1.0,1483.5
78.833,2.5,1486.0
78.917,2.0,1488.0
79.0,2.0,1490.0
79.083,2.5,1492.5
79.167,0.5,1493.0
79.25,2.5,1495.5
79.333,2.5,1498.0
79.417,2.0,1500.0
79.5,1.5,1501.5
79.583,2.0,1503.5
79.667,3.0,1506.5
79.75,1.5,1508.0
79.833,1.5,1509.5
79.917,2.0,1511.5
80.0,2.0,1513.5
80.083,1.0,1514.5
80.167,3.5,1518.0
80.25,2.5,1520.5
80.333,2.5,1523.0
80.417,1.5,1524.5
80.5,2.5,1527.0
80.583,2.0,1529.0
80.667,2.5,1531.5
80.75,1.5,1533.0
80.833,1.5,1534.5
80.917,2.5,1537.0
81.0,2.5,1539.5
81.083,1.0,1540.5
81.167,1.5,1542.0
81.25,2.5,1544.5
81.333,2.5,1547.0
81.417,1.5,1548.5
81.5,2.0,1550.5
81.583,3.5,1554.0
81.667,2.0,1556.0
81.75,1.0,1557.0
81.833,3.0,1560.0
81.917,2.0,1562.0
82.0,0.5,1562.5
82.083,3.0,1565.5
82.167,2.0,1567.5
82.25,2.5,1570.0
82.333,3.0,1573.0
82.417,1.5,1574.5
82.5,2.0,1576.5
82.583,1.5,1578.0
82.667,2.5,1580.5
82.75,1.5,1582.0
82.833,3.5,1585.5
82.917,1.5,1587.0
83.0,0.5,1587.5
83.083,3.0,1590.5
83.167,1.0,1591.5
83.25,2.5,1594.0
83.333,2.5,1596.5
83.417,1.0,1597.5
83.5,3.0,1600.5
83.583,1.5,1602.0
83.667,2.0,1604.0
83.75,2.0,1606.0
83.833,1.5,1607.5
83.917,3.5,1611.0
84.0,1.0,1612.0
84.083,0.5,1612.5
84.167,2.5,1615.0
84.25,1.0,1616.0
84.333,2.0,1618.0
84.417,2.0,1620.0
84.5,1.5,1621.5
84.583,3.0,1624.5
84.667,1.0,1625.5
84.75,2.0,1627.5
84.833,1.5,1629.0
84.917,3.5,1632.5
85.0,1.5,1634.0
85.083,1.0,1635.0
85.167,2.5,1637.5
85.25,1.5,1639.0
85.333,1.5,1640.5
85.417,2.5,1643.0
85.5,2.5,1645.5
85.583,1.5,1647.0
85.667,2.0,1649.0
85.75,0.0,1649.0
85.833,1.5,1650.5
85.917,0.0,1650.5
86.0,0.5,1651.0
86.083,1.0,1652.0
86.167,1.0,1653.0
86.25,1.0,1654.0
86.333,1.5,1655.5
86.417,1.5,1657.0
86.5,1.5,1658.5
86.583,2.0,1660.5
86.667,1.0,1661.5
86.75,1.5,1663.0
86.833,0.5,1663.5
86.917,1.0,1664.5
87.0,0.5,1665.0
87.083,2.0,1667.0
87.167,2.0,1669.0
87.25,1.0,1670.0
87.333,2.0,1672.0
87.417,1.5,1673.5
87.5,2.0,1675.5
87.583,1.0,1676.5
87.667,1.5,1678.0
87.75,2.0,1680.0
87.833,1.5,1681.5
87.917,2.0,1683.5
88.0,0.5,1684.0
88.083,2.0,1686.0
88.167,1.5,1687.5
88.25,1.0,1688.5
88.333,1.5,1690.0
88.417,1.0,1691.0
88.5,1.0,1692.0
88.583,1.5,1693.5
88.667,1.5,1695.0
88.75,2.0,1697.0
88.833,2.0,1699.0
88.917,1.0,1700.0
89.0,1.0,1701.0
89.083,0.5,1701.5
89.167,1.5,1703.0
89.25,1.5,1704.5
89.333,2.0,1706.5
89.417,1.0,1707.5
89.5,2.5,1710.0
89.583,1.5,1711.5
89.667,0.0,1711.5
89.75,1.5,1713.0
89.833,3.0,1716.0
89.917,2.0,1718.0
90.0,0.5,1718.5
90.083,1.0,1719.5
90.167,1.5,1721.0
90.25,2.0,1723.0
90.333,1.5,1724.5
90.417,1.0,1725.5
90.5,0.0,1725.5
90.583,1.0,1726.5
90.667,1.0,1727.5
90.75,1.5,1729.0
90.833,1.0,1730.0
90.917,0.5,1730.5
91.0,1.0,1731.5
91.083,1.5,1733.0
91.167,3.0,1736.0
91.25,2.5,1738.5
91.333,0.5,1739.0
91.417,1.5,1740.5
91.5,2.0,1742.5
91.583,1.5,1744.0
91.667,0.5,1744.5
91.75,2.0,1746.5
91.833,0.5,1747.0
91.917,1.0,1748.0
92.0,3.5,1751.5
92.083,1.5,1753.0
92.167,2.5,1755.5
92.25,1.0,1756.5
92.333,0.5,1757.0
92.417,2.0,1759.0
92.5,2.0,1761.0
92.583,1.0,1762.0
92.667,2.0,1764.0
92.75,2.5,1766.5
92.833,2.5,1769.0
92.917,1.5,1770.5
93.0,1.5,1772.0
93.083,1.0,1773.0
93.167,1.0,1774.0
93.25,1.5,1775.5
93.333,1.0,1776.5
93.417,0.5,1777.0
93.5,3.0,1780.0
93.583,0.5,1780.5
93.667,2.0,1782.5
93.75,2.0,1784.5
93.833,2.5,1787.0
93.917,2.0,1789.0
94.0,2.0,1791.0
94.083,2.5,1793.5
94.167,1.5,1795.0
94.25,2.5,1797.5
94.333,1.5,1799.0
94.417,2.0,1801.0
94.5,2.0,1803.0
94.583,2.0,1805.0
94.667,1.5,1806.5
94.75,0.5,1807.0
94.833,2.0,1809.0
94.917,1.0,1810.0
95.0,1.5,1811.5
95.083,2.0,1813.5
95.167,1.5,1815.0
95.25,2.5,1817.5
95.333,1.0,1818.5
95.417,0.5,1819.0
95.5,1.0,1820.0
95.583,2.0,1822.0
95.667,2.0,1824.0
95.75,2.5,1826.5
95.833,1.5,1828.0
95.917,2.0,1830.0
96.0,1.5,1831.5
96.083,0.0,1831.5
96.167,0.0,1831.5
96.25,0.0,1831.5
96.333,0.0,1831.5
96.417,0.0,1831.5
96.5,0.5,1832.0
96.583,0.0,1832.0
96.667,0.5,1832.5
96.75,0.0,1832.5
96.833,0.0,1832.5
96.917,0.5,1833.0
97.0,0.0,1833.0
97.083,0.0,1833.0
97.167,1.0,1834.0
97.25,0.0,1834.0
97.333,0.5,1834.5
97.417,0.0,1834.5
97.5,0.5,1835.0
97.583,0.5,1835.5
97.667,0.5,1836.0
97.75,0.5,1836.5
97.833,0.5,1837.0
97.917,0.5,1837.5
98.0,0.5,1838.0
98.083,0.5,1838.5
98.167,0.5,1839.0
98.25,0.5,1839.5
98.333,0.5,1840.0
98.417,0.5,1840.5
98.5,0.5,1841.0
98.583,1.0,1842.0
98.667,0.5,1842.5
98.75,1.0,1843.5
98.833,1.0,1844.5
98.917,1.0,1845.5
99.0,0.0,1845.5
99.083,1.0,1846.5
99.167,1.0,1847.5
99.25,1.0,1848.5
99.333,0.5,1849.0
99.417,0.5,1849.5
99.5,1.0,1850.5
99.583,1.0,1851.5
99.667,1.0,1852.5
99.75,0.0,1852.5
99.833,1.0,1853.5
99.917,1.0,1854.5
100.0,1.0,1855.5
100.083,0.0,1855.5
100.167,1.0,1856.5
100.25,1.0,1857.5
100.333,1.0,1858.5
100.417,0.0,1858.5
100.5,0.5,1859.0
100.583,1.5,1860.5
100.667,1.5,1862.0
100.75,0.0,1862.0
100.833,0.0,1862.0
100.917,0.5,1862.5
101.0,1.0,1863.5
101.083,0.5,1864.0
101.167,0.5,1864.5
101.25,0.5,1865.0
101.333,1.5,1866.5
101.417,0.5,1867.0
101.5,0.5,1867.5
101.583,0.5,1868.0
101.667,1.0,1869.0
101.75,0.5,1869.5
101.833,1.0,1870.5
101.917,0.5,1871.0
102.0,1.0,1872.0
102.083,0.5,1872.5
102.167,0.5,1873.0
102.25,0.5,1873.5
102.333,0.5,1874.0
102.417,0.0,1874.0
102.5,0.0,1874.0
102.583,0.0,1874.0
102.667,0.5,1874.5
102.75,0.5,1875.0
102.833,1.0,1876.0
102.917,0.0,1876.0
103.0,0.5,1876.5
103.083,1.0,1877.5
103.167,0.0,1877.5
103.25,1.0,1878.5
103.333,1.0,1879.5
103.417,0.0,1879.5
103.5,1.0,1880.5
103.583,1.5,1882.0
103.667,0.5,1882.5
103.75,0.5,1883.0
103.833,1.5,1884.5
103.917,0.5,1885.0
104.0,1.0,1886.0
104.083,1.0,1887.0
104.167,1.5,1888.5
104.25,2.5,1891.0
104.333,0.5,1891.5
104.417,0.5,1892.0
104.5,2.0,1894.0
104.583,1.5,1895.5
104.667,3.0,1898.5
104.75,1.0,1899.5
104.833,3.0,1902.5
104.917,2.0,1904.5
105.0,2.0,1906.5
105.083,2.5,1909.0
105.167,1.5,1910.5
105.25,1.5,1912.0
105.333,3.0,1915.0
105.417,2.0,1917.0
105.5,2.5,1919.5
105.583,1.5,1921.0
105.667,2.0,1923.0
105.75,2.5,1925.5
105.833,2.5,1928.0
105.917,2.5,1930.5
106.0,1.5,1932.0
106.083,1.5,1933.5
106.167,2.5,1936.0
106.25,2.5,1938.5
106.333,2.0,1940.5
106.417,2.0,1942.5
106.5,2.0,1944.5
106.583,2.0,1946.5
106.667,3.5,1950.0
106.75,1.5,1951.5
106.833,0.0,1951.5
106.917,3.5,1955.0
107.0,2.0,1957.0
107.083,2.0,1959.0
107.167,3.0,1962.0
107.25,1.5,1963.5
107.333,0.5,1964.0
107.417,2.5,1966.5
107.5,2.5,1969.0
107.583,1.0,1970.0
107.667,2.5,1972.5
107.75,2.5,1975.0
107.833,3.0,1978.0
107.917,1.0,1979.0
108.0,2.0,1981.0
108.083,2.0,1983.0
108.167,2.0,1985.0
108.25,2.0,1987.0
108.333,1.5,1988.5
108.417,3.0,1991.5
108.5,2.5,1994.0
108.583,2.0,1996.0
108.667,2.5,1998.5
108.75,2.5,2001.0
108.833,1.5,2002.5
108.917,1.5,2004.0
109.0,2.0,2006.0
109.083,3.0,2009.0
109.167,3.0,2012.0
109.25,0.5,2012.5
109.333,3.0,2015.5
109.417,2.0,2017.5
109.5,2.5,2020.0
109.583,1.0,2021.0
109.667,2.5,2023.5
109.75,2.0,2025.5
109.833,2.5,2028.0
109.917,2.0,2030.0
110.0,1.5,2031.5
110.083,2.5,2034.0
110.167,3.0,2037.0
110.25,1.5,2038.5
110.333,2.0,2040.5
110.417,2.0,2042.5
110.5,3.0,2045.5
110.583,2.0,2047.5
110.667,1.0,2048.5
110.75,2.0,2050.5
110.833,1.5,2052.0
110.917,2.5,2054.5
111.0,3.0,2057.5
111.083,2.5,2060.0
111.167,1.5,2061.5
111.25,1.5,2063.0
111.333,2.0,2065.0
111.417,2.0,2067.0
111.5,1.5,2068.5
111.583,1.5,2070.0
111.667,2.5,2072.5
111.75,1.0,2073.5
111.833,2.5,2076.0
111.917,1.5,2077.5
112.0,1.5,2079.0
112.083,2.0,2081.0
112.167,2.0,2083.0
112.25,2.5,2085.5
112.333,2.5,2088.0
112.417,1.0,2089.0
112.5,2.0,2091.0
112.583,0.5,2091.5
112.667,1.5,2093.0
112.75,2.0,2095.0
112.833,1.5,2096.5
112.917,2.0,2098.5
113.0,2.0,2100.5
113.083,3.0,2103.5
113.167,1.5,2105.0
113.25,1.0,2106.0
113.333,1.0,2107.0
113.417,3.5,2110.5
113.5,2.0,2112.5
113.583,0.5,2113.0
113.667,1.0,2114.0
113.75,3.0,2117.0
113.833,1.0,2118.0
113.917,2.5,2120.5
114.0,2.0,2122.5
114.083,2.0,2124.5
114.167,2.0,2126.5
114.25,1.5,2128.0
114.333,1.5,2129.5
114.417,2.5,2132.0
114.5,1.0,2133.0
114.583,2.0,2135.0
114.667,2.0,2137.0
114.75,3.0,2140.0
114.833,0.0,2140.0
114.917,2.5,2142.5
115.0,2.5,2145.0
115.083,1.5,2146.5
115.167,3.0,2149.5
115.25,1.5,2151.0
115.333,2.5,2153.5
115.417,1.5,2155.0
115.5,2.5,2157.5
115.583,2.5,2160.0
115.667,1.5,2161.5
115.75,1.0,2162.5
115.833,3.0,2165.5
115.917,1.0,2166.5
116.0,3.0,2169.5
116.083,1.0,2170.5
116.167,2.5,2173.0
116.25,2.0,2175.0
116.333,1.5,2176.5
116.417,3.0,2179.5
116.5,2.5,2182.0
116.583,2.0,2184.0
116.667,2.5,2186.5
116.75,1.5,2188.0
116.833,3.0,2191.0
116.917,2.0,2193.0
117.0,1.5,2194.5
117.083,2.5,2197.0
117.167,1.5,2198.5
117.25,2.0,2200.5
117.333,2.5,2203.0
117.417,2.0,2205.0
117.5,1.5,2206.5
117.583,2.0,2208.5
117.667,2.5,2211.0
117.75,3.0,2214.0
117.833,2.0,2216.0
117.917,1.0,2217.0
118.0,1.5,2218.5
118.083,3.0,2221.5
118.167,3.0,2224.5
118.25,1.5,2226.0
118.333,2.0,2228.0
118.417,2.5,2230.5
118.5,1.0,2231.5
118.583,2.5,2234.0
118.667,3.0,2237.0
118.75,1.5,2238.5
118.833,2.0,2240.5
118.917,2.0,2242.5
119.0,2.0,2244.5
119.083,3.0,2247.5
119.167,1.5,2249.0
119.25,1.5,2250.5
119.333,2.0,2252.5
119.417,2.0,2254.5
119.5,0.0,2254.5
119.583,2.5,2257.0
119.667,2.0,2259.0
119.75,1.5,2260.5
119.833,3.0,2263.5
119.917,2.5,2266.0
120.0,2.0,2268.0
120.083,0.0,2268.0
120.167,0.0,2268.0
120.25,0.0,2268.0
120.333,0.0,2268.0
120.417,0.0,2268.0
120.5,0.0,2268.0
120.583,0.0,2268.0
120.667,0.0,2268.0
120.75,0.0,2268.0
120.833,0.0,2268.0
120.917,0.5,2268.5
121.0,0.0,2268.5
121.083,0.5,2269.0
121.167,0.5,2269.5
121.25,0.5,2270.0
121.333,0.5,2270.5
121.417,0.5,2271.0
121.5,0.5,2271.5
121.583,0.5,2272.0
121.667,1.0,2273.0
121.75,0.5,2273.5
121.833,0.5,2274.0
121.917,0.5,2274.5
122.0,0.0,2274.5
122.083,0.5,2275.0
122.167,0.5,2275.5
122.25,0.5,2276.0
122.333,0.0,2276.0
122.417,0.5,2276.5
122.5,0.5,2277.0
122.583,1.0,2278.0
122.667,0.0,2278.0
122.75,0.0,2278.0
122.833,0.5,2278.5
122.917,1.5,2280.0
123.0,1.0,2281.0
123.083,0.0,2281.0
123.167,0.5,2281.5
123.25,1.0,2282.5
123.333,1.5,2284.0
123.417,1.5,2285.5
123.5,0.0,2285.5
123.583,0.0,2285.5
123.667,0.5,2286.0
123.75,1.0,2287.0
123.833,1.0,2288.0
123.917,0.5,2288.5
124.0,0.5,2289.0
124.083,0.5,2289.5
124.167,0.5,2290.0
124.25,2.0,2292.0
124.333,1.0,2293.0
124.417,0.5,2293.5
124.5,1.5,2295.0
124.583,1.0,2296.0
124.667,1.0,2297.0
124.75,1.0,2298.0
124.833,0.5,2298.5
124.917,1.0,2299.5
125.0,1.0,2300.5
125.083,1.0,2301.5
125.167,1.0,2302.5
125.25,1.0,2303.5
125.333,1.0,2304.5
125.417,1.0,2305.5
125.5,1.0,2306.5
125.583,1.0,2307.5
125.667,1.0,2308.5
125.75,1.0,2309.5
125.833,1.5,2311.0
125.917,0.0,2311.0
126.0,1.5,2312.5
126.083,1.5,2314.0
126.167,1.5,2315.5
126.25,0.5,2316.0
126.333,0.5,2316.5
126.417,1.0,2317.5
126.5,1.0,2318.5
126.583,1.5,2320.0
126.667,1.0,2321.0
126.75,2.0,2323.0
126.833,1.0,2324.0
126.917,2.0,2326.0
127.0,1.0,2327.0
127.083,1.5,2328.5
127.167,1.5,2330.0
127.25,1.5,2331.5
127.333,1.0,2332.5
127.417,1.5,2334.0
127.5,2.0,2336.0
127.583,1.0,2337.0
127.667,1.0,2338.0
127.75,1.5,2339.5
127.833,1.5,2341.0
127.917,2.0,2343.0
128.0,1.0,2344.0
128.083,1.0,2345.0
128.167,2.0,2347.0
128.25,3.0,2350.0
128.333,1.5,2351.5
128.417,1.5,2353.0
128.5,2.5,2355.5
128.583,1.5,2357.0
128.667,2.0,2359.0
128.75,1.5,2360.5
128.833,1.5,2362.0
128.917,1.5,2363.5
129.0,2.5,2366.0
129.083,2.0,2368.0
129.167,1.0,2369.0
129.25,1.5,2370.5
129.333,2.0,2372.5
129.417,1.0,2373.5
129.5,2.0,2375.5
129.583,2.0,2377.5
129.667,2.0,2379.5
129.75,2.5,2382.0
129.833,1.5,2383.5
129.917,1.5,2385.0
130.0,1.0,2386.0
130.083,2.5,2388.5
130.167,1.0,2389.5
130.25,2.5,2392.0
130.333,1.0,2393.0
130.417,3.0,2396.0
130.5,1.5,2397.5
130.583,2.0,2399.5
130.667,0.5,2400.0
130.75,3.0,2403.0
130.833,2.0,2405.0
130.917,1.0,2406.0
131.0,2.0,2408.0
131.083,0.5,2408.5
131.167,1.5,2410.0
131.25,3.0,2413.0
131.333,0.5,2413.5
131.417,3.0,2416.5
131.5,2.0,2418.5
131.583,2.0,2420.5
131.667,2.0,2422.5
131.75,2.0,2424.5
131.833,2.0,2426.5
131.917,2.0,2428.5
132.0,1.0,2429.5
132.083,3.0,2432.5
132.167,2.0,2434.5
132.25,0.5,2435.0
132.333,2.5,2437.5
132.417,3.5,2441.0
132.5,0.5,2441.5
132.583,2.5,2444.0
132.667,1.5,2445.5
132.75,2.5,2448.0
132.833,2.5,2450.5
132.917,2.0,2452.5
133.0,1.5,2454.0
133.083,2.0,2456.0
133.167,1.5,2457.5
133.25,1.5,2459.0
133.333,2.5,2461.5
133.417,2.5,2464.0
133.5,1.5,2465.5
133.583,1.5,2467.0
133.667,2.0,2469.0
133.75,1.5,2470.5
133.833,2.0,2472.5
133.917,1.0,2473.5
134.0,2.5,2476.0
134.083,1.5,2477.5
134.167,2.5,2480.0
134.25,1.0,2481.0
134.333,2.0,2483.0
134.417,2.5,2485.5
134.5,1.0,2486.5
134.583,2.0,2488.5
134.667,1.0,2489.5
134.75,2.5,2492.0
134.833,1.5,2493.5
134.917,2.0,2495.5
135.0,2.0,2497.5
135.083,2.0,2499.5
135.167,1.5,2501.0
135.25,2.0,2503.0
135.333,2.0,2505.0
135.417,1.5,2506.5
135.5,2.0,2508.5
135.583,1.5,2510.0
135.667,2.5,2512.5
135.75,1.5,2514.0
135.833,1.5,2515.5
135.917,1.5,2517.0
136.0,3.0,2520.0
136.083,1.0,2521.0
136.167,2.0,2523.0
136.25,1.0,2524.0
136.333,2.0,2526.0
136.417,2.5,2528.5
136.5,2.5,2531.0
136.583,1.5,2532.5
136.667,1.5,2534.0
136.75,1.0,2535.0
136.833,2.5,2537.5
136.917,3.0,2540.5
137.0,0.5,2541.0
137.083,1.0,2542.0
137.167,3.0,2545.0
137.25,0.5,2545.5
137.333,2.0,2547.5
137.417,2.0,2549.5
137.5,2.0,2551.5
137.583,1.0,2552.5
137.667,1.5,2554.0
137.75,3.0,2557.0
137.833,1.0,2558.0
137.917,2.5,2560.5
138.0,2.0,2562.5
138.083,1.5,2564.0
138.167,0.5,2564.5
138.25,3.5,2568.0
138.333,2.0,2570.0
138.417,1.5,2571.5
138.5,1.5,2573.0
138.583,1.5,2574.5
138.667,3.0,2577.5
138.75,1.5,2579.0
138.833,2.5,2581.5
138.917,2.0,2583.5
139.0,2.0,2585.5
139.083,2.0,2587.5
139.167,2.5,2590.0
139.25,1.5,2591.5
139.333,2.0,2593.5
139.417,2.0,2595.5
139.5,3.0,2598.5
139.583,1.0,2599.5
139.667,3.0,2602.5
139.75,2.0,2604.5
139.833,1.5,2606.0
139.917,2.0,2608.0
140.0,2.0,2610.0
140.083,1.5,2611.5
140.167,1.5,2613.0
140.25,2.0,2615.0
140.333,1.0,2616.0
140.417,2.5,2618.5
140.5,0.5,2619.0
140.583,2.0,2621.0
140.667,2.0,2623.0
140.75,2.5,2625.5
140.833,1.0,2626.5
140.917,2.0,2628.5
141.0,1.5,2630.0
141.083,2.0,2632.0
141.167,2.0,2634.0
141.25,2.5,2636.5
141.333,0.5,2637.0
141.417,1.0,2638.0
141.5,2.0,2640.0
141.583,1.5,2641.5
141.667,2.0,2643.5
141.75,0.5,2644.0
141.833,2.5,2646.5
141.917,0.5,2647.0
142.0,1.0,2648.0
142.083,2.0,2650.0
142.167,1.0,2651.0
142.25,1.0,2652.0
142.333,3.0,2655.0
142.417,2.0,2657.0
142.5,1.0,2658.0
142.583,1.0,2659.0
142.667,2.5,2661.5
142.75,2.0,2663.5
142.833,0.5,2664.0
142.917,1.5,2665.5
143.0,2.0,2667.5
143.083,2.0,2669.5
143.167,1.5,2671.0
143.25,1.0,2672.0
143.333,1.5,2673.5
143.417,2.5,2676.0
143.5,1.0,2677.0
143.583,1.5,2678.5
143.667,2.0,2680.5
143.75,1.5,2682.0
143.833,1.0,2683.0
143.917,1.5,2684.5
144.0,2.0,2686.5
144.083,0.0,2686.5
144.167,0.0,2686.5
144.25,0.0,2686.5
144.333,0.0,2686.5
144.417,0.0,2686.5
144.5,0.0,2686.5
144.583,0.0,2686.5
144.667,0.0,2686.5
144.75,0.0,2686.5
144.833,0.0,2686.5
144.917,0.0,2686.5
145.0,0.0,2686.5
145.083,0.0,2686.5
145.167,0.0,2686.5
145.25,0.0,2686.5
145.333,0.0,2686.5
145.417,0.0,2686.5
145.5,0.0,2686.5
145.583,0.5,2687.0
145.667,0.0,2687.0
145.75,0.0,2687.0
145.833,0.5,2687.5
145.917,0.0,2687.5
146.0,0.0,2687.5
146.083,0.5,2688.0
146.167,0.0,2688.0
146.25,0.5,2688.5
146.333,0.0,2688.5
146.417,1.0,2689.5
146.5,0.0,2689.5
146.583,0.5,2690.0
146.667,0.5,2690.5
146.75,0.5,2691.0
146.833,0.0,2691.0
146.917,0.0,2691.0
147.0,0.0,2691.0
147.083,0.5,2691.5
147.167,0.5,2692.0
147.25,0.0,2692.0
147.333,1.0,2693.0
147.417,0.0,2693.0
147.5,1.0,2694.0
147.583,0.0,2694.0
147.667,0.0,2694.0
147.75,0.5,2694.5
147.833,0.5,2695.0
147.917,0.5,2695.5
148.0,0.5,2696.0
148.083,0.5,2696.5
148.167,0.0,2696.5
148.25,0.5,2697.0
148.333,1.0,2698.0
148.417,1.0,2699.0
148.5,0.0,2699.0
148.583,1.0,2700.0
148.667,0.5,2700.5
148.75,1.0,2701.5
148.833,0.5,2702.0
148.917,0.5,2702.5
149.0,1.0,2703.5
149.083,0.5,2704.0
149.167,0.5,2704.5
149.25,0.5,2705.0
149.333,0.0,2705.0
149.417,1.0,2706.0
149.5,0.5,2706.5
149.583,0.5,2707.0
149.667,1.5,2708.5
149.75,0.5,2709.0
149.833,1.0,2710.0
149.917,1.0,2711.0
150.0,0.5,2711.5
150.083,1.5,2713.0
150.167,0.0,2713.0
150.25,0.5,2713.5
150.333,2.0,2715.5
150.417,0.5,2716.0
150.5,1.0,2717.0
150.583,1.0,2718.0
150.667,0.0,2718.0
150.75,0.0,2718.0
150.833,0.0,2718.0
150.917,0.5,2718.5
151.0,1.0,2719.5
151.083,0.5,2720.0
151.167,0.5,2720.5
151.25,0.5,2721.0
151.333,1.0,2722.0
151.417,1.0,2723.0
151.5,1.0,2724.0
151.583,3.5,2727.5
151.667,2.0,2729.5
151.75,3.0,2732.5
151.833,1.5,2734.0
151.917,1.0,2735.0
152.0,3.0,2738.0
152.083,2.0,2740.0
152.167,2.0,2742.0
152.25,2.5,2744.5
152.333,2.0,2746.5
152.417,2.5,2749.0
152.5,2.0,2751.0
152.583,2.5,2753.5
152.667,2.0,2755.5
152.75,3.0,2758.5
152.833,1.0,2759.5
152.917,2.5,2762.0
153.0,2.0,2764.0
153.083,1.0,2765.0
153.167,3.5,2768.5
153.25,1.5,2770.0
153.333,3.5,2773.5
153.417,2.0,2775.5
153.5,2.0,2777.5
153.583,1.5,2779.0
153.667,3.5,2782.5
153.75,1.5,2784.0
153.833,0.5,2784.5
153.917,2.5,2787.0
154.0,4.0,2791.0
154.083,2.5,2793.5
154.167,1.0,2794.5
154.25,1.5,2796.0
154.333,3.5,2799.5
154.417,3.0,2802.5
154.5,3.0,2805.5
154.583,1.0,2806.5
154.667,2.0,2808.5
154.75,2.5,2811.0
154.833,1.5,2812.5
154.917,1.5,2814.0
155.0,3.0,2817.0
155.083,2.0,2819.0
155.167,1.5,2820.5
155.25,2.0,2822.5
155.333,3.0,2825.5
155.417,1.5,2827.0
155.5,1.0,2828.0
155.583,1.0,2829.0
155.667,3.0,2832.0
155.75,3.5,2835.5
155.833,1.0,2836.5
155.917,1.5,2838.0
156.0,3.5,2841.5
156.083,2.5,2844.0
156.167,3.0,2847.0
156.25,1.5,2848.5
156.333,1.0,2849.5
156.417,4.0,2853.5
156.5,2.0,2855.5
156.583,1.5,2857.0
156.667,2.0,2859.0
156.75,2.5,2861.5
156.833,1.5,2863.0
156.917,3.5,2866.5
157.0,1.5,2868.0
157.083,3.0,2871.0
157.167,0.5,2871.5
157.25,2.0,2873.5
157.333,3.0,2876.5
157.417,3.0,2879.5
157.5,2.5,2882.0
157.583,1.0,2883.0
157.667,3.0,2886.0
157.75,2.0,2888.0
157.833,0.5,2888.5
157.917,3.0,2891.5
158.0,2.5,2894.0
158.083,1.0,2895.0
158.167,2.5,2897.5
158.25,2.5,2900.0
158.333,0.5,2900.5
158.417,2.5,2903.0
158.5,1.0,2904.0
158.583,2.0,2906.0
158.667,2.0,2908.0
158.75,3.5,2911.5
158.833,1.0,2912.5
158.917,2.0,2914.5
159.0,2.5,2917.0
159.083,2.5,2919.5
159.167,2.5,2922.0
159.25,1.5,2923.5
159.333,2.0,2925.5
159.417,2.0,2927.5
159.5,2.5,2930.0
159.583,2.5,2932.5
159.667,2.0,2934.5
159.75,1.5,2936.0
159.833,3.0,2939.0
159.917,1.0,2940.0
160.0,1.0,2941.0
160.083,3.0,2944.0
160.167,3.0,2947.0
160.25,1.5,2948.5
160.333,1.5,2950.0
160.417,2.0,2952.0
160.5,0.0,2952.0
160.583,2.5,2954.5
160.667,1.5,2956.0
160.75,3.0,2959.0
160.833,0.5,2959.5
160.917,2.5,2962.0
161.0,1.5,2963.5
161.083,2.0,2965.5
161.167,1.0,2966.5
161.25,3.0,2969.5
161.333,1.0,2970.5
161.417,1.5,2972.0
161.5,2.0,2974.0
161.583,2.0,2976.0
161.667,1.5,2977.5
161.75,0.5,2978.0
161.833,2.5,2980.5
161.917,1.0,2981.5
162.0,1.0,2982.5
162.083,2.5,2985.0
162.167,2.0,2987.0
162.25,2.5,2989.5
162.333,1.0,2990.5
162.417,2.0,2992.5
162.5,1.0,2993.5
162.583,3.0,2996.5
162.667,2.0,2998.5
162.75,2.5,3001.0
162.833,0.0,3001.0
162.917,2.0,3003.0
163.0,3.0,3006.0
163.083,2.0,3008.0
163.167,1.0,3009.0
163.25,2.0,3011.0
163.333,2.5,3013.5
163.417,1.0,3014.5
163.5,1.5,3016.0
163.583,2.5,3018.5
163.667,1.0,3019.5
163.75,0.5,3020.0
163.833,3.0,3023.0
163.917,2.0,3025.0
164.0,1.5,3026.5
164.083,1.0,3027.5
164.167,2.0,3029.5
164.25,1.5,3031.0
164.333,1.5,3032.5
164.417,3.0,3035.5
164.5,1.5,3037.0
164.583,1.0,3038.0
164.667,2.5,3040.5
164.75,1.5,3042.0
164.833,2.0,3044.0
164.917,2.5,3046.5
165.0,1.5,3048.0
165.083,1.0,3049.0
165.167,2.0,3051.0
165.25,2.5,3053.5
165.333,0.5,3054.0
165.417,2.0,3056.0
165.5,1.5,3057.5
165.583,3.0,3060.5
165.667,1.0,3061.5
165.75,1.5,3063.0
165.833,2.5,3065.5
165.917,1.5,3067.0
166.0,3.0,3070.0
166.083,1.5,3071.5
166.167,0.5,3072.0
166.25,2.0,3074.0
166.333,3.5,3077.5
166.417,0.5,3078.0
166.5,2.0,3080.0
166.583,2.0,3082.0
166.667,2.0,3084.0
166.75,1.5,3085.5
166.833,1.5,3087.0
166.917,3.0,3090.0
167.0,1.5,3091.5
167.083,2.0,3093.5
167.167,0.5,3094.0
167.25,2.0,3096.0
167.333,2.0,3098.0
167.417,2.0,3100.0
167.5,1.0,3101.0
167.583,2.5,3103.5
167.667,1.0,3104.5
167.75,3.5,3108.0
167.833,1.0,3109.0
167.917,1.5,3110.5
168.0,2.0,3112.5
